/**
 * @file    wait_audio.h
 * @brief   Pre-generated prompt audio - '正在上传到云端'
 *          Sample rate: 8000Hz, duration: 2.00s
 *          Channel: mono, output: 12-bit DAC samples
 *          Generated at: 2026-07-24T11:59:00
 */
#ifndef _WAIT_AUDIO_H_
#define _WAIT_AUDIO_H_

#include <stdint.h>

#define WAIT_AUDIO_SAMPLE_RATE    8000
#define WAIT_AUDIO_NUM_SAMPLES    16000
#define WAIT_AUDIO_DURATION_MS    2000

static const uint16_t g_wait_audio[] = {
    0x0800, 0x0800, 0x0800, 0x0800, 0x0800, 0x0800, 0x0800, 0x0800, 0x07FF, 0x0800, 0x07FF, 0x07FF,
    0x07FF, 0x07FF, 0x07FF, 0x07FF, 0x07FF, 0x0800, 0x07FF, 0x07FF, 0x07FF, 0x0800, 0x0800, 0x0800,
    0x0800, 0x0800, 0x07FF, 0x07FF, 0x07FF, 0x07FF, 0x07FF, 0x07FF, 0x07FF, 0x07FF, 0x0800, 0x0800,
    0x0800, 0x0800, 0x0800, 0x0800, 0x0800, 0x0800, 0x0800, 0x0800, 0x0800, 0x0800, 0x0800, 0x0800,
    0x0800, 0x0800, 0x0800, 0x0800, 0x0800, 0x0800, 0x0800, 0x0800, 0x0800, 0x0800, 0x0800, 0x0800,
    0x0800, 0x0800, 0x0800, 0x0800, 0x0800, 0x0800, 0x0800, 0x0800, 0x0800, 0x0800, 0x0800, 0x0800,
    0x0800, 0x0800, 0x0800, 0x0800, 0x0800, 0x0800, 0x0800, 0x0800, 0x0800, 0x0800, 0x0800, 0x0800,
    0x0800, 0x0800, 0x0800, 0x0800, 0x0800, 0x0800, 0x0800, 0x0800, 0x0800, 0x0800, 0x0800, 0x07FF,
    0x07FF, 0x07FF, 0x07FF, 0x07FF, 0x07FF, 0x07FF, 0x07FF, 0x07FF, 0x07FF, 0x07FF, 0x07FF, 0x07FF,
    0x07FF, 0x07FF, 0x07FF, 0x07FF, 0x07FF, 0x07FF, 0x07FF, 0x07FF, 0x07FF, 0x07FF, 0x07FF, 0x07FF,
    0x07FF, 0x07FF, 0x07FF, 0x0800, 0x0800, 0x0800, 0x07FF, 0x0800, 0x0800, 0x0800, 0x0800, 0x0800,
    0x0800, 0x0800, 0x0800, 0x0800, 0x0800, 0x0800, 0x0800, 0x0800, 0x0800, 0x0800, 0x0800, 0x0800,
    0x0800, 0x0800, 0x0800, 0x0800, 0x0800, 0x0800, 0x0800, 0x0800, 0x0800, 0x0800, 0x0800, 0x0800,
    0x0800, 0x0800, 0x0800, 0x0800, 0x0800, 0x0800, 0x0800, 0x0800, 0x0800, 0x0800, 0x0800, 0x0800,
    0x0800, 0x0800, 0x0800, 0x0800, 0x0800, 0x0800, 0x0800, 0x0800, 0x0800, 0x0800, 0x0800, 0x0800,
    0x0800, 0x0800, 0x0800, 0x0800, 0x0800, 0x0800, 0x0800, 0x0800, 0x0800, 0x0800, 0x0800, 0x0800,
    0x0800, 0x0800, 0x0800, 0x0800, 0x0800, 0x0800, 0x0800, 0x0800, 0x0800, 0x0800, 0x0800, 0x0800,
    0x0800, 0x0800, 0x0800, 0x0800, 0x0800, 0x0800, 0x0800, 0x0800, 0x0800, 0x0800, 0x0800, 0x0800,
    0x0800, 0x0800, 0x0800, 0x0800, 0x0800, 0x0800, 0x0800, 0x0800, 0x0800, 0x0800, 0x0800, 0x0800,
    0x0800, 0x0800, 0x0800, 0x0800, 0x0800, 0x0800, 0x0800, 0x0800, 0x0800, 0x0800, 0x0800, 0x0800,
    0x0800, 0x0800, 0x0800, 0x0800, 0x0800, 0x0800, 0x0800, 0x0800, 0x0800, 0x0800, 0x0800, 0x0800,
    0x0800, 0x0800, 0x0800, 0x0800, 0x0800, 0x0800, 0x07FF, 0x0800, 0x0800, 0x0800, 0x0800, 0x0800,
    0x0800, 0x0800, 0x0800, 0x0800, 0x0800, 0x0800, 0x0800, 0x0800, 0x0800, 0x0800, 0x0800, 0x0800,
    0x0800, 0x07FF, 0x0800, 0x0800, 0x07FF, 0x0800, 0x0800, 0x0800, 0x07FF, 0x0800, 0x0800, 0x0800,
    0x07FF, 0x0800, 0x0800, 0x0800, 0x0800, 0x0800, 0x0800, 0x0800, 0x07FF, 0x0800, 0x07FF, 0x0800,
    0x0800, 0x0800, 0x0800, 0x0800, 0x0800, 0x0800, 0x0800, 0x0800, 0x0800, 0x07FF, 0x0800, 0x0800,
    0x0800, 0x0800, 0x0800, 0x07FF, 0x07FF, 0x0800, 0x0800, 0x0800, 0x0800, 0x0800, 0x07FF, 0x0800,
    0x07FF, 0x0800, 0x0800, 0x0800, 0x07FF, 0x0800, 0x0800, 0x07FD, 0x0800, 0x0800, 0x07FE, 0x07FF,
    0x0800, 0x07FF, 0x0801, 0x0800, 0x07FE, 0x0805, 0x0800, 0x07FD, 0x0800, 0x0800, 0x07FF, 0x0802,
    0x07FD, 0x07FD, 0x07FF, 0x0800, 0x07FD, 0x0800, 0x07FD, 0x0802, 0x080A, 0x07FC, 0x07F3, 0x0809,
    0x080D, 0x07F8, 0x07F9, 0x0808, 0x0803, 0x07E8, 0x0805, 0x0815, 0x07F8, 0x07E8, 0x07F9, 0x0810,
    0x0809, 0x0800, 0x07F6, 0x0807, 0x0802, 0x07F6, 0x080A, 0x0800, 0x07F5, 0x0809, 0x07F5, 0x0800,
    0x07FF, 0x07FF, 0x0801, 0x0803, 0x0802, 0x0817, 0x07DF, 0x07F9, 0x080C, 0x0803, 0x07FD, 0x080E,
    0x080F, 0x07E5, 0x07F4, 0x0823, 0x07E1, 0x081B, 0x0800, 0x07C6, 0x0813, 0x080A, 0x07F3, 0x0819,
    0x0808, 0x07C7, 0x0823, 0x0822, 0x07D2, 0x081A, 0x082A, 0x07A4, 0x080B, 0x0830, 0x0805, 0x07D9,
    0x0800, 0x07E0, 0x07BC, 0x088A, 0x07DD, 0x07F5, 0x083E, 0x07D3, 0x0831, 0x07EE, 0x0802, 0x081B,
    0x07E4, 0x080F, 0x081C, 0x0759, 0x0821, 0x088F, 0x0758, 0x07F4, 0x0865, 0x079B, 0x0806, 0x082A,
    0x07D8, 0x086B, 0x0822, 0x0789, 0x083D, 0x083A, 0x07DE, 0x0803, 0x082E, 0x07B0, 0x080C, 0x084C,
    0x07B6, 0x07FD, 0x0878, 0x07B0, 0x0785, 0x0867, 0x07E0, 0x0738, 0x08F5, 0x0786, 0x0792, 0x08D4,
    0x075D, 0x07EB, 0x08C4, 0x076A, 0x0850, 0x0878, 0x0774, 0x0839, 0x08B6, 0x0786, 0x07EE, 0x086A,
    0x075D, 0x08CC, 0x074D, 0x076B, 0x088F, 0x078E, 0x07F8, 0x088B, 0x06FF, 0x08DE, 0x085D, 0x076B,
    0x079B, 0x0981, 0x06B9, 0x079A, 0x08E9, 0x0774, 0x07EF, 0x0870, 0x0817, 0x07F1, 0x08D6, 0x07CB,
    0x077C, 0x07B5, 0x08C8, 0x076B, 0x07F8, 0x07CE, 0x0763, 0x0860, 0x08FF, 0x0707, 0x081D, 0x0921,
    0x07D6, 0x07DE, 0x07BB, 0x07E7, 0x082E, 0x0796, 0x0783, 0x07BA, 0x07D6, 0x08D4, 0x07A6, 0x0853,
    0x06CF, 0x0949, 0x0882, 0x06CB, 0x0932, 0x070B, 0x0832, 0x08CA, 0x0686, 0x089C, 0x08FC, 0x07A1,
    0x06ED, 0x08EB, 0x08DC, 0x06FD, 0x08CD, 0x0805, 0x0655, 0x09B9, 0x0700, 0x06F6, 0x08C3, 0x07B3,
    0x081B, 0x07F0, 0x0800, 0x07A9, 0x087E, 0x0848, 0x0788, 0x0880, 0x085B, 0x0823, 0x0760, 0x0852,
    0x07F6, 0x0722, 0x0832, 0x07F0, 0x083E, 0x08BD, 0x076D, 0x0830, 0x0874, 0x076A, 0x07F5, 0x078B,
    0x086B, 0x08A0, 0x07A4, 0x073F, 0x0990, 0x0774, 0x086A, 0x0786, 0x07C1, 0x0924, 0x07DE, 0x0838,
    0x07A7, 0x07F2, 0x0834, 0x07C8, 0x07C6, 0x08A1, 0x075F, 0x072F, 0x0952, 0x0767, 0x085A, 0x07DE,
    0x0733, 0x08A0, 0x0861, 0x079F, 0x07A5, 0x0805, 0x0821, 0x092F, 0x0762, 0x0688, 0x08DB, 0x0830,
    0x07FE, 0x0744, 0x0806, 0x0806, 0x07C0, 0x0879, 0x06F9, 0x08C1, 0x0847, 0x071F, 0x074F, 0x0881,
    0x0855, 0x0867, 0x0708, 0x0801, 0x08FA, 0x082C, 0x07AA, 0x07B6, 0x0834, 0x0873, 0x0890, 0x0705,
    0x0797, 0x08E9, 0x0804, 0x07A9, 0x07E7, 0x0827, 0x07CF, 0x08E6, 0x0764, 0x07B6, 0x089F, 0x07D7,
    0x076D, 0x0843, 0x07EA, 0x082D, 0x0782, 0x0842, 0x080F, 0x08AA, 0x0777, 0x0743, 0x094A, 0x082C,
    0x07DC, 0x080E, 0x0771, 0x08C8, 0x07ED, 0x0727, 0x0746, 0x087E, 0x083B, 0x06A1, 0x086D, 0x089C,
    0x0747, 0x087B, 0x07B4, 0x0868, 0x08BB, 0x0811, 0x0727, 0x08C8, 0x0896, 0x0793, 0x082B, 0x084F,
    0x0810, 0x07D8, 0x0768, 0x0806, 0x0887, 0x08A9, 0x06ED, 0x07FA, 0x088A, 0x0815, 0x0807, 0x0763,
    0x085C, 0x0822, 0x089C, 0x072D, 0x0804, 0x08FE, 0x0789, 0x084A, 0x077D, 0x0833, 0x0873, 0x07CE,
    0x0753, 0x0857, 0x087A, 0x07E5, 0x074E, 0x0796, 0x07FA, 0x08D5, 0x07BD, 0x0753, 0x0819, 0x0816,
    0x0805, 0x07B1, 0x07C8, 0x080E, 0x089B, 0x07F8, 0x0756, 0x0808, 0x0814, 0x081F, 0x0796, 0x0764,
    0x0819, 0x081C, 0x07F5, 0x0796, 0x078A, 0x080A, 0x0837, 0x0816, 0x07DB, 0x0834, 0x080E, 0x0811,
    0x08AF, 0x07B0, 0x086E, 0x07CB, 0x07CE, 0x085A, 0x07EC, 0x07FC, 0x07AF, 0x0803, 0x0848, 0x0844,
    0x07A8, 0x07FB, 0x0839, 0x083A, 0x0867, 0x077C, 0x07C7, 0x0869, 0x083A, 0x07CB, 0x079C, 0x07DB,
    0x0869, 0x0831, 0x07F3, 0x07D0, 0x07F9, 0x0859, 0x0858, 0x07CF, 0x07E5, 0x080D, 0x080A, 0x0812,
    0x07C1, 0x082D, 0x0829, 0x07DE, 0x0809, 0x0810, 0x07F7, 0x0806, 0x07D3, 0x07DA, 0x0830, 0x083B,
    0x07F2, 0x07E6, 0x07F5, 0x07FD, 0x07E0, 0x07F1, 0x07C1, 0x07F9, 0x0821, 0x07FF, 0x0825, 0x07FE,
    0x0807, 0x084C, 0x085C, 0x0825, 0x083E, 0x0849, 0x0865, 0x0866, 0x0807, 0x07BA, 0x07CC, 0x082A,
    0x080C, 0x078E, 0x0777, 0x07AB, 0x07C1, 0x0792, 0x0761, 0x0746, 0x07AA, 0x07FE, 0x07EF, 0x07D4,
    0x080B, 0x0856, 0x089D, 0x0883, 0x0861, 0x086B, 0x08B2, 0x08BF, 0x0893, 0x083F, 0x0829, 0x081F,
    0x080A, 0x0809, 0x07CC, 0x07A5, 0x07B9, 0x07C4, 0x079D, 0x0747, 0x071F, 0x0722, 0x072C, 0x071A,
    0x06EF, 0x06CC, 0x0702, 0x0711, 0x071F, 0x0790, 0x07C5, 0x083B, 0x08C6, 0x08FC, 0x0951, 0x09AF,
    0x0A0B, 0x0A98, 0x0A92, 0x0A60, 0x0A4A, 0x0A03, 0x09F2, 0x096C, 0x0876, 0x0802, 0x0743, 0x06AE,
    0x067F, 0x05EB, 0x05B5, 0x05F3, 0x04BD, 0x0375, 0x0300, 0x0288, 0x0324, 0x03C6, 0x03BE, 0x058F,
    0x07DF, 0x0A46, 0x0B9D, 0x0C76, 0x0D9D, 0x0E52, 0x0EBA, 0x0DD7, 0x0C10, 0x0B3F, 0x0AB7, 0x09CC,
    0x0883, 0x0745, 0x0750, 0x0818, 0x086D, 0x07F9, 0x07C9, 0x0855, 0x08FB, 0x08F6, 0x07F7, 0x07B2,
    0x07E3, 0x06BD, 0x0545, 0x02CC, 0x0133, 0x01CB, 0x01B6, 0x0163, 0x0225, 0x03EF, 0x06B5, 0x08E4,
    0x0A4F, 0x0B45, 0x0C9C, 0x0E1B, 0x0E66, 0x0D4A, 0x0C5B, 0x0B0A, 0x0A6D, 0x0A56, 0x0888, 0x0765,
    0x07A8, 0x07CE, 0x0818, 0x0844, 0x07FA, 0x0887, 0x0928, 0x08EC, 0x0900, 0x091F, 0x08D2, 0x07DA,
    0x0586, 0x0383, 0x02CD, 0x0262, 0x01DD, 0x0133, 0x01EA, 0x044F, 0x0693, 0x0838, 0x09A8, 0x0B0A,
    0x0CD6, 0x0DF1, 0x0D60, 0x0C8F, 0x0BE0, 0x0B17, 0x0A94, 0x0973, 0x081B, 0x07C0, 0x07E9, 0x07C7,
    0x07AC, 0x0761, 0x07AD, 0x0878, 0x0895, 0x0890, 0x08A6, 0x08BB, 0x08BB, 0x07B7, 0x057E, 0x0398,
    0x02D3, 0x0276, 0x021B, 0x0208, 0x0283, 0x04B9, 0x0724, 0x08B0, 0x0A00, 0x0B10, 0x0C43, 0x0D8A,
    0x0D69, 0x0C66, 0x0BFA, 0x0AAE, 0x0A2E, 0x09EE, 0x086B, 0x0807, 0x0815, 0x0802, 0x0859, 0x0823,
    0x07F2, 0x089F, 0x08B9, 0x08CA, 0x0932, 0x090B, 0x08FC, 0x0855, 0x064F, 0x047B, 0x0372, 0x02B3,
    0x025A, 0x01F6, 0x0217, 0x03CE, 0x0601, 0x07A8, 0x08FD, 0x0A14, 0x0B21, 0x0C7F, 0x0D24, 0x0C66,
    0x0BBF, 0x0ADD, 0x0A27, 0x0A26, 0x095F, 0x086A, 0x0813, 0x07B3, 0x07C8, 0x07E6, 0x07BC, 0x07CA,
    0x07F0, 0x0836, 0x08F1, 0x0931, 0x0908, 0x0899, 0x0714, 0x0553, 0x0417, 0x0334, 0x0297, 0x0263,
    0x0259, 0x034D, 0x051E, 0x06CB, 0x0855, 0x096D, 0x0A7B, 0x0B9E, 0x0CA6, 0x0C99, 0x0C3A, 0x0B9C,
    0x0A81, 0x0A7A, 0x0A3A, 0x0950, 0x08B2, 0x0824, 0x07B7, 0x07F5, 0x080A, 0x07D1, 0x07DC, 0x07E6,
    0x086F, 0x092B, 0x0947, 0x08F4, 0x07F9, 0x066F, 0x0508, 0x0432, 0x0367, 0x02EE, 0x02BB, 0x0306,
    0x0455, 0x05C6, 0x072C, 0x0888, 0x0989, 0x0A90, 0x0BBB, 0x0C6A, 0x0C51, 0x0C59, 0x0B6A, 0x0AC2,
    0x0AD1, 0x0A20, 0x097D, 0x08DB, 0x0814, 0x07BC, 0x07A8, 0x07AB, 0x0799, 0x076D, 0x0780, 0x080A,
    0x0897, 0x08D6, 0x0878, 0x073D, 0x05EC, 0x0510, 0x045F, 0x03C7, 0x034E, 0x0315, 0x0372, 0x0474,
    0x05C0, 0x06DE, 0x0804, 0x093A, 0x0A49, 0x0B6B, 0x0BE9, 0x0C23, 0x0C1C, 0x0B7C, 0x0B3D, 0x0AFD,
    0x0A74, 0x09F8, 0x0945, 0x0871, 0x0801, 0x07AF, 0x0794, 0x078F, 0x076A, 0x078F, 0x07E2, 0x0837,
    0x0892, 0x084C, 0x076B, 0x0660, 0x0539, 0x049C, 0x042A, 0x03A6, 0x0387, 0x0397, 0x044E, 0x0551,
    0x0665, 0x079B, 0x08B3, 0x09CF, 0x0AEE, 0x0B9D, 0x0BEE, 0x0C18, 0x0BBC, 0x0B84, 0x0B58, 0x0AD4,
    0x0A49, 0x0993, 0x08C9, 0x083E, 0x07DC, 0x079B, 0x0786, 0x076C, 0x0790, 0x07DB, 0x081D, 0x086E,
    0x0844, 0x0790, 0x0696, 0x057C, 0x04B4, 0x0429, 0x03A5, 0x0385, 0x03AD, 0x0425, 0x04F5, 0x05EC,
    0x070B, 0x084F, 0x0989, 0x0AB7, 0x0B7E, 0x0BED, 0x0C37, 0x0C1B, 0x0C05, 0x0BE4, 0x0B60, 0x0AC2,
    0x0A06, 0x0926, 0x0864, 0x07CC, 0x076B, 0x0739, 0x070D, 0x0723, 0x075C, 0x07B8, 0x0832, 0x082E,
    0x07B1, 0x06E7, 0x05DB, 0x04F8, 0x0464, 0x03E1, 0x03A0, 0x03B2, 0x040A, 0x04AB, 0x0576, 0x0694,
    0x07DB, 0x0913, 0x0A53, 0x0B39, 0x0BB1, 0x0C2A, 0x0C4C, 0x0C41, 0x0C50, 0x0BE2, 0x0B43, 0x0A86,
    0x098C, 0x08AD, 0x07F0, 0x0764, 0x0710, 0x06C9, 0x06CF, 0x0703, 0x0744, 0x07CF, 0x0809, 0x07C0,
    0x071D, 0x0614, 0x0520, 0x048E, 0x0415, 0x03C3, 0x03BE, 0x03EF, 0x047E, 0x0550, 0x0655, 0x0794,
    0x08DA, 0x0A20, 0x0B3D, 0x0BD5, 0x0C4C, 0x0C8C, 0x0C6B, 0x0C78, 0x0C36, 0x0B8E, 0x0AE4, 0x09F1,
    0x0905, 0x082E, 0x0779, 0x06FD, 0x069E, 0x0684, 0x06A5, 0x06D3, 0x073A, 0x07C5, 0x07EE, 0x07C0,
    0x0716, 0x0604, 0x051B, 0x0475, 0x03FF, 0x03BD, 0x03C1, 0x03F7, 0x047C, 0x0550, 0x0668, 0x07B6,
    0x0904, 0x0A40, 0x0B46, 0x0BD5, 0x0C58, 0x0C95, 0x0C7E, 0x0C94, 0x0C55, 0x0BBD, 0x0B13, 0x0A1D,
    0x0922, 0x0849, 0x0784, 0x06E6, 0x0670, 0x0641, 0x0654, 0x0687, 0x06F1, 0x076E, 0x07A9, 0x079F,
    0x0723, 0x0643, 0x0550, 0x04A8, 0x0432, 0x03D5, 0x03C8, 0x0401, 0x0476, 0x0544, 0x063B, 0x077B,
    0x08D6, 0x0A15, 0x0B44, 0x0BEC, 0x0C5D, 0x0CBF, 0x0C9B, 0x0C93, 0x0C6F, 0x0BDB, 0x0B50, 0x0A8A,
    0x09A7, 0x08CF, 0x07EF, 0x072C, 0x0692, 0x062B, 0x062D, 0x0655, 0x069E, 0x0728, 0x0780, 0x07BA,
    0x079F, 0x06F5, 0x0613, 0x0505, 0x0427, 0x03A3, 0x034A, 0x035A, 0x03C6, 0x046B, 0x0550, 0x0673,
    0x07CA, 0x0930, 0x0A7D, 0x0B9E, 0x0C43, 0x0CA3, 0x0CE0, 0x0CB1, 0x0C9B, 0x0C74, 0x0BEF, 0x0B65,
    0x0AA2, 0x09BE, 0x08CC, 0x07DD, 0x071D, 0x0679, 0x060C, 0x060F, 0x0631, 0x0688, 0x06FF, 0x0749,
    0x0792, 0x07B7, 0x0761, 0x06C6, 0x05D1, 0x04C8, 0x0424, 0x0392, 0x0375, 0x0394, 0x03E5, 0x0493,
    0x0581, 0x06AF, 0x0824, 0x097F, 0x0AC6, 0x0BD2, 0x0C67, 0x0CE8, 0x0D28, 0x0D0B, 0x0D02, 0x0C93,
    0x0BF0, 0x0B3E, 0x0A5C, 0x0983, 0x08AA, 0x07CD, 0x070C, 0x0655, 0x05DC, 0x05D8, 0x05F2, 0x0640,
    0x069C, 0x06C9, 0x071D, 0x0764, 0x0759, 0x0727, 0x0670, 0x0585, 0x04BD, 0x041C, 0x03D7, 0x03BB,
    0x0406, 0x047E, 0x0508, 0x05F9, 0x071F, 0x0872, 0x09E6, 0x0B23, 0x0C10, 0x0CA6, 0x0D1D, 0x0D50,
    0x0D3E, 0x0D12, 0x0C96, 0x0BB6, 0x0AF7, 0x0A16, 0x0936, 0x0870, 0x07AF, 0x06ED, 0x0648, 0x05CC,
    0x05BA, 0x05DB, 0x0627, 0x066D, 0x06A2, 0x06D4, 0x0721, 0x0771, 0x0789, 0x073C, 0x0680, 0x057F,
    0x04AC, 0x041D, 0x03C8, 0x03E5, 0x042D, 0x0488, 0x0542, 0x0619, 0x074C, 0x08D1, 0x0A4A, 0x0B91,
    0x0C76, 0x0D0D, 0x0D77, 0x0D9D, 0x0D93, 0x0D50, 0x0C91, 0x0BAE, 0x0AAD, 0x09A1, 0x08C5, 0x07F1,
    0x0731, 0x068C, 0x05EB, 0x0595, 0x0580, 0x05B2, 0x062D, 0x0685, 0x06E0, 0x0710, 0x0714, 0x076E,
    0x07B7, 0x07B4, 0x077C, 0x06BA, 0x059B, 0x04BB, 0x0412, 0x03B9, 0x039D, 0x03D7, 0x0436, 0x04BF,
    0x05A5, 0x06E6, 0x085F, 0x0A0A, 0x0B68, 0x0C6C, 0x0D26, 0x0DB0, 0x0DF2, 0x0E01, 0x0DC1, 0x0D2C,
    0x0C37, 0x0B1C, 0x0A15, 0x091B, 0x0855, 0x07B3, 0x0713, 0x0670, 0x05F7, 0x05CA, 0x05DF, 0x0616,
    0x0683, 0x06AC, 0x06A2, 0x06AE, 0x06A1, 0x06A4, 0x06CD, 0x0711, 0x0721, 0x06A8, 0x0630, 0x055C,
    0x046F, 0x0455, 0x0428, 0x03FC, 0x0481, 0x04D6, 0x056D, 0x067C, 0x07B6, 0x0911, 0x0A68, 0x0B82,
    0x0C5D, 0x0CE5, 0x0D54, 0x0D94, 0x0D8D, 0x0D51, 0x0CCB, 0x0BF1, 0x0B14, 0x0A34, 0x0978, 0x08CD,
    0x0820, 0x0792, 0x06F3, 0x0672, 0x0645, 0x0612, 0x060B, 0x0613, 0x0600, 0x0610, 0x061B, 0x0635,
    0x0669, 0x0660, 0x0699, 0x06D9, 0x06EC, 0x06FA, 0x069F, 0x05CF, 0x053C, 0x04A3, 0x0443, 0x041A,
    0x0438, 0x0480, 0x0519, 0x05F0, 0x0705, 0x084C, 0x09C2, 0x0B12, 0x0C33, 0x0CEF, 0x0D83, 0x0DE1,
    0x0DFE, 0x0E10, 0x0DE2, 0x0D4D, 0x0C6F, 0x0B77, 0x0A7C, 0x0979, 0x08A4, 0x07DE, 0x0707, 0x066C,
    0x0609, 0x05B4, 0x05B6, 0x05BF, 0x05CB, 0x05E7, 0x05E4, 0x05F7, 0x05FD, 0x05FA, 0x05FE, 0x05B6,
    0x059A, 0x05A3, 0x05B0, 0x062A, 0x067A, 0x064B, 0x0603, 0x057F, 0x0515, 0x050E, 0x0522, 0x0585,
    0x05E7, 0x0692, 0x0771, 0x0855, 0x0978, 0x0AA5, 0x0B99, 0x0C7B, 0x0D11, 0x0D68, 0x0D94, 0x0DB2,
    0x0DA6, 0x0D6F, 0x0CE1, 0x0C32, 0x0B58, 0x0A69, 0x0981, 0x0894, 0x07B4, 0x06D3, 0x0628, 0x05BF,
    0x0574, 0x0582, 0x0599, 0x058F, 0x05AF, 0x05AE, 0x059F, 0x05B4, 0x05B9, 0x05C6, 0x05CE, 0x05DB,
    0x05EF, 0x05DD, 0x05F9, 0x062F, 0x0662, 0x06BB, 0x06F0, 0x06C3, 0x066D, 0x0617, 0x05ED, 0x05BF,
    0x0609, 0x0666, 0x06B9, 0x0775, 0x0839, 0x08FB, 0x0A1C, 0x0B1A, 0x0BEF, 0x0C96, 0x0D0E, 0x0D48,
    0x0D62, 0x0D65, 0x0D46, 0x0CEB, 0x0C4E, 0x0B83, 0x0AB7, 0x09D8, 0x0925, 0x0870, 0x07BC, 0x0714,
    0x0685, 0x0614, 0x05D6, 0x05C3, 0x05CB, 0x05C3, 0x05B6, 0x05A2, 0x057A, 0x056A, 0x055A, 0x0545,
    0x0553, 0x0532, 0x0531, 0x0552, 0x055E, 0x058D, 0x05C8, 0x060A, 0x067E, 0x0705, 0x0786, 0x078B,
    0x0754, 0x0727, 0x06DF, 0x06C5, 0x06FE, 0x0712, 0x077A, 0x07FE, 0x0891, 0x093B, 0x0A12, 0x0AF4,
    0x0BCE, 0x0C70, 0x0D09, 0x0D6F, 0x0DAA, 0x0DC4, 0x0D9D, 0x0D2D, 0x0C96, 0x0BD2, 0x0B06, 0x0A25,
    0x0960, 0x0887, 0x07AD, 0x06EE, 0x0643, 0x05A1, 0x054C, 0x0506, 0x04EA, 0x04E9, 0x04E9, 0x04EE,
    0x0501, 0x0513, 0x0529, 0x0528, 0x052E, 0x0535, 0x0549, 0x055D, 0x0592, 0x05BE, 0x05F4, 0x0635,
    0x0671, 0x0694, 0x06E8, 0x0758, 0x07D7, 0x085F, 0x089C, 0x0865, 0x0803, 0x07B6, 0x078B, 0x0785,
    0x07B2, 0x0810, 0x0879, 0x0921, 0x09D5, 0x0A8D, 0x0B63, 0x0C2D, 0x0CA3, 0x0D0B, 0x0D39, 0x0D48,
    0x0D38, 0x0D09, 0x0CA6, 0x0C18, 0x0B38, 0x0A5F, 0x0971, 0x0878, 0x07D2, 0x0719, 0x0655, 0x05E0,
    0x0560, 0x0515, 0x04FB, 0x04D9, 0x04D7, 0x04DD, 0x04E3, 0x04FD, 0x050B, 0x0523, 0x0533, 0x053D,
    0x054E, 0x0562, 0x0586, 0x05B3, 0x05EF, 0x063C, 0x0675, 0x06B0, 0x06EC, 0x0709, 0x073D, 0x0769,
    0x078D, 0x07E5, 0x0871, 0x08F8, 0x0952, 0x095B, 0x0910, 0x08AA, 0x0862, 0x0868, 0x0884, 0x0879,
    0x08EC, 0x094F, 0x0985, 0x0A4D, 0x0AFF, 0x0B73, 0x0C35, 0x0C7C, 0x0CA8, 0x0CD9, 0x0CD7, 0x0CAA,
    0x0C54, 0x0BBC, 0x0B0E, 0x0A1E, 0x0955, 0x08A1, 0x07BF, 0x0705, 0x0648, 0x0571, 0x04E7, 0x046C,
    0x043A, 0x043B, 0x042E, 0x0443, 0x0446, 0x0451, 0x048D, 0x04BF, 0x0509, 0x0553, 0x0581, 0x05B7,
    0x05E6, 0x0617, 0x0664, 0x0693, 0x06CC, 0x0705, 0x0734, 0x076D, 0x07B8, 0x07FE, 0x0841, 0x087B,
    0x08AA, 0x08BE, 0x08E2, 0x0933, 0x0996, 0x09C5, 0x09DE, 0x0998, 0x08FE, 0x08D3, 0x08BF, 0x088A,
    0x08C9, 0x08EA, 0x0907, 0x097D, 0x09F9, 0x0A8A, 0x0B2E, 0x0BB1, 0x0C03, 0x0C29, 0x0C2C, 0x0C23,
    0x0BFF, 0x0BCE, 0x0B6F, 0x0ACC, 0x0A03, 0x091A, 0x0835, 0x0766, 0x06B1, 0x0601, 0x0553, 0x04B2,
    0x0437, 0x03D9, 0x03B5, 0x03AB, 0x03BB, 0x03D4, 0x03EF, 0x041B, 0x045F, 0x04B1, 0x050A, 0x0562,
    0x05B5, 0x05FF, 0x0650, 0x069A, 0x06E8, 0x0740, 0x0791, 0x07C7, 0x0809, 0x083C, 0x0878, 0x08B7,
    0x08F1, 0x091E, 0x093F, 0x0954, 0x0969, 0x095B, 0x0959, 0x097C, 0x09A4, 0x09C1, 0x09E7, 0x09AE,
    0x093D, 0x091C, 0x0903, 0x08DB, 0x0912, 0x092A, 0x0937, 0x097A, 0x09BE, 0x09FD, 0x0A65, 0x0ABB,
    0x0AF2, 0x0B24, 0x0B3A, 0x0B4A, 0x0B4C, 0x0B2A, 0x0AE1, 0x0A59, 0x09A4, 0x08DF, 0x0822, 0x076A,
    0x06D1, 0x062A, 0x0583, 0x04DC, 0x044F, 0x03EC, 0x03A8, 0x0384, 0x0379, 0x036E, 0x0385, 0x03C0,
    0x040A, 0x0475, 0x04DA, 0x052C, 0x058B, 0x05EF, 0x0661, 0x06DE, 0x0751, 0x07B5, 0x0806, 0x0843,
    0x0879, 0x08AA, 0x08D8, 0x0905, 0x0923, 0x0939, 0x0942, 0x094E, 0x0957, 0x0953, 0x0957, 0x0953,
    0x0949, 0x0956, 0x0972, 0x09B9, 0x0A01, 0x0A15, 0x0A20, 0x0A0E, 0x09C6, 0x09CA, 0x09E3, 0x0993,
    0x0999, 0x0991, 0x0919, 0x0903, 0x0909, 0x08DB, 0x0910, 0x0941, 0x093C, 0x095A, 0x098D, 0x09A0,
    0x09BE, 0x09DE, 0x09C7, 0x0991, 0x0938, 0x08D0, 0x0856, 0x07C0, 0x073B, 0x0698, 0x05E0, 0x0548,
    0x04BE, 0x0446, 0x0406, 0x03CF, 0x03A5, 0x0396, 0x0395, 0x03B8, 0x03FD, 0x0456, 0x04BF, 0x052B,
    0x0599, 0x060B, 0x067E, 0x0702, 0x0776, 0x07D9, 0x083B, 0x087B, 0x08BD, 0x0905, 0x0937, 0x096C,
    0x099F, 0x09B3, 0x09C0, 0x09CD, 0x09CB, 0x09C9, 0x09C8, 0x09C1, 0x09B3, 0x09A4, 0x0992, 0x0986,
    0x0985, 0x0992, 0x09A1, 0x09B6, 0x09BC, 0x09AD, 0x0993, 0x099C, 0x0990, 0x096A, 0x095B, 0x0930,
    0x08ED, 0x08DE, 0x08B9, 0x0871, 0x0862, 0x0833, 0x0806, 0x0807, 0x07FF, 0x07F7, 0x0825, 0x0848,
    0x0865, 0x0891, 0x0896, 0x0886, 0x0875, 0x084E, 0x080E, 0x07C7, 0x0770, 0x0701, 0x0692, 0x061F,
    0x05B0, 0x0549, 0x04F2, 0x04A6, 0x0476, 0x045E, 0x0460, 0x0479, 0x04A3, 0x04E1, 0x0527, 0x0575,
    0x05D3, 0x0632, 0x0696, 0x070A, 0x076C, 0x07C3, 0x081A, 0x085A, 0x089B, 0x08DF, 0x0913, 0x0947,
    0x097C, 0x09A2, 0x09C4, 0x09E6, 0x0A03, 0x0A17, 0x0A25, 0x0A2B, 0x0A21, 0x0A14, 0x0A07, 0x09F1,
    0x09DA, 0x09C9, 0x09AE, 0x0997, 0x0982, 0x095A, 0x0942, 0x0939, 0x091C, 0x0911, 0x090C, 0x08F8,
    0x08E8, 0x08DE, 0x08C1, 0x089D, 0x0889, 0x0858, 0x0828, 0x07FA, 0x07BD, 0x078E, 0x0763, 0x0734,
    0x0716, 0x0704, 0x06F5, 0x06EF, 0x06F2, 0x06FB, 0x070A, 0x0718, 0x0727, 0x0735, 0x0736, 0x0737,
    0x0739, 0x0728, 0x0717, 0x0705, 0x06E8, 0x06C9, 0x06AA, 0x0687, 0x0667, 0x0650, 0x0637, 0x0628,
    0x0623, 0x062D, 0x0643, 0x0664, 0x068C, 0x06C0, 0x06F4, 0x072E, 0x076C, 0x07AC, 0x07EC, 0x082D,
    0x0868, 0x08A4, 0x08DB, 0x090E, 0x0936, 0x0959, 0x0971, 0x0989, 0x099B, 0x09AC, 0x09B4, 0x09B9,
    0x09BB, 0x09BD, 0x09BD, 0x09BA, 0x09AE, 0x099D, 0x098F, 0x0978, 0x095D, 0x0943, 0x0922, 0x0907,
    0x08E8, 0x08C6, 0x08A9, 0x0890, 0x0873, 0x085B, 0x0843, 0x082C, 0x081A, 0x080A, 0x07F9, 0x07E6,
    0x07D2, 0x07C0, 0x07AB, 0x0794, 0x077B, 0x0762, 0x0747, 0x0730, 0x0718, 0x0703, 0x06F0, 0x06E4,
    0x06DC, 0x06D7, 0x06D3, 0x06D2, 0x06D4, 0x06D7, 0x06DB, 0x06E3, 0x06EB, 0x06F5, 0x0704, 0x0713,
    0x071F, 0x072E, 0x073D, 0x0750, 0x0764, 0x0777, 0x0788, 0x0798, 0x07A6, 0x07B7, 0x07C7, 0x07D2,
    0x07DF, 0x07F0, 0x07FA, 0x080A, 0x0816, 0x0821, 0x0829, 0x082F, 0x0835, 0x0841, 0x084C, 0x0855,
    0x0868, 0x0877, 0x088A, 0x0893, 0x0898, 0x08A4, 0x08AD, 0x08B6, 0x08BC, 0x08C6, 0x08D2, 0x08D8,
    0x08E4, 0x08E7, 0x08E8, 0x08ED, 0x08E9, 0x08E5, 0x08E0, 0x08DD, 0x08CF, 0x08CA, 0x08B5, 0x08AC,
    0x0894, 0x0882, 0x0879, 0x0868, 0x0867, 0x0852, 0x0847, 0x0830, 0x081F, 0x0816, 0x0807, 0x07FA,
    0x07ED, 0x07DB, 0x07C6, 0x07BE, 0x07B0, 0x079A, 0x078D, 0x0782, 0x077D, 0x0775, 0x076C, 0x0764,
    0x0764, 0x0760, 0x0764, 0x076A, 0x076F, 0x076F, 0x076A, 0x0772, 0x076F, 0x0762, 0x0766, 0x076C,
    0x075E, 0x0767, 0x076A, 0x075C, 0x075C, 0x075F, 0x0755, 0x076D, 0x0766, 0x0775, 0x0779, 0x077C,
    0x0791, 0x0792, 0x079C, 0x07B3, 0x07B9, 0x07C5, 0x07CF, 0x07E8, 0x07F3, 0x07F0, 0x080F, 0x081B,
    0x080E, 0x083F, 0x084D, 0x0864, 0x0869, 0x0884, 0x08A9, 0x0899, 0x0889, 0x08AD, 0x08AC, 0x08AD,
    0x08AF, 0x08C7, 0x08C9, 0x08AA, 0x089D, 0x08BB, 0x08A6, 0x08AA, 0x088B, 0x089A, 0x0895, 0x089F,
    0x08AD, 0x0898, 0x087A, 0x0885, 0x0861, 0x0869, 0x084E, 0x083F, 0x0842, 0x0840, 0x082A, 0x081F,
    0x0815, 0x080D, 0x07F1, 0x07E1, 0x07EF, 0x07DE, 0x07CA, 0x07C9, 0x07AD, 0x07B4, 0x07A7, 0x07A2,
    0x07A6, 0x078C, 0x077E, 0x078E, 0x077E, 0x0769, 0x078C, 0x0775, 0x077E, 0x0776, 0x076B, 0x076E,
    0x0792, 0x0781, 0x0772, 0x0784, 0x078D, 0x0780, 0x0770, 0x0781, 0x07A0, 0x078C, 0x07A5, 0x07DA,
    0x07DE, 0x07E8, 0x07E2, 0x07E3, 0x07EC, 0x07F1, 0x0824, 0x0810, 0x0805, 0x0809, 0x0829, 0x0840,
    0x0844, 0x0858, 0x0851, 0x0811, 0x0837, 0x0848, 0x083E, 0x084A, 0x085E, 0x0873, 0x0845, 0x0829,
    0x0848, 0x084E, 0x083A, 0x0856, 0x0869, 0x0818, 0x0817, 0x0833, 0x0867, 0x0857, 0x0863, 0x084A,
    0x0850, 0x0825, 0x0830, 0x0824, 0x083A, 0x0813, 0x0825, 0x084B, 0x084B, 0x0827, 0x07E4, 0x0803,
    0x07FB, 0x07E7, 0x07FB, 0x07E8, 0x07E6, 0x07F6, 0x07F6, 0x07E7, 0x07B6, 0x07BE, 0x07BE, 0x0794,
    0x077F, 0x0790, 0x079E, 0x07B3, 0x076E, 0x07C6, 0x07E0, 0x0809, 0x07DF, 0x07FD, 0x07F4, 0x07E0,
    0x07A9, 0x07C2, 0x07C2, 0x07CF, 0x07CE, 0x0806, 0x07B5, 0x07F8, 0x07F2, 0x0831, 0x082A, 0x081B,
    0x082F, 0x0817, 0x083D, 0x083D, 0x07F6, 0x0817, 0x0815, 0x0822, 0x0832, 0x080B, 0x081E, 0x0854,
    0x0850, 0x083E, 0x083F, 0x0849, 0x081E, 0x0815, 0x0815, 0x07EE, 0x07EF, 0x0804, 0x07F0, 0x0812,
    0x0827, 0x0827, 0x081D, 0x081C, 0x082C, 0x0840, 0x0835, 0x083E, 0x0825, 0x082F, 0x0811, 0x0804,
    0x07DC, 0x07DB, 0x07ED, 0x07ED, 0x07D1, 0x07C7, 0x07C1, 0x07D2, 0x07D2, 0x07ED, 0x07DB, 0x07E5,
    0x07E1, 0x07D1, 0x07BD, 0x07AE, 0x079A, 0x0796, 0x076C, 0x076A, 0x077B, 0x07A2, 0x07AF, 0x07A9,
    0x07B2, 0x07FB, 0x0833, 0x0849, 0x0849, 0x086A, 0x089C, 0x08B4, 0x08A7, 0x0867, 0x084C, 0x084A,
    0x0841, 0x0813, 0x07F6, 0x07CE, 0x07D4, 0x07E4, 0x07D4, 0x07BD, 0x07D1, 0x07CB, 0x07D6, 0x07CA,
    0x07AA, 0x079B, 0x07A1, 0x0797, 0x0788, 0x078D, 0x078F, 0x078C, 0x078C, 0x077E, 0x0779, 0x07C9,
    0x07D6, 0x07DD, 0x081A, 0x088E, 0x08CC, 0x0998, 0x0940, 0x0836, 0x07E1, 0x07DF, 0x0793, 0x07F1,
    0x07AE, 0x07F3, 0x0916, 0x09F6, 0x0A45, 0x0A95, 0x0AD6, 0x0AF7, 0x0B2B, 0x0AC2, 0x09D2, 0x0919,
    0x0894, 0x0820, 0x07C2, 0x0741, 0x06B6, 0x06B0, 0x06BF, 0x069F, 0x0684, 0x0680, 0x0664, 0x067C,
    0x062F, 0x05DF, 0x05B2, 0x05A2, 0x0578, 0x0570, 0x055F, 0x05C1, 0x0634, 0x0682, 0x06B9, 0x06F0,
    0x070E, 0x073F, 0x074F, 0x073D, 0x0751, 0x07A1, 0x07FB, 0x0851, 0x0890, 0x08E4, 0x0929, 0x094D,
    0x0966, 0x095A, 0x093B, 0x0962, 0x0955, 0x0916, 0x090D, 0x0918, 0x0921, 0x0941, 0x092E, 0x0940,
    0x094F, 0x0953, 0x0941, 0x0988, 0x08F0, 0x08EE, 0x092B, 0x088E, 0x0971, 0x0A7A, 0x0864, 0x06E4,
    0x05E1, 0x05D1, 0x076C, 0x0859, 0x084E, 0x099A, 0x0BD3, 0x0CC6, 0x0D43, 0x0C14, 0x0A7D, 0x09FB,
    0x0992, 0x07E2, 0x0658, 0x053D, 0x0515, 0x05E1, 0x064E, 0x05C0, 0x05C6, 0x0646, 0x0691, 0x063C,
    0x0540, 0x0427, 0x03D9, 0x03F6, 0x03C7, 0x0391, 0x03A2, 0x0437, 0x053A, 0x0650, 0x0695, 0x06AE,
    0x073C, 0x07C3, 0x07E2, 0x0782, 0x070C, 0x06E4, 0x0791, 0x0836, 0x0853, 0x088C, 0x096F, 0x0A30,
    0x0B05, 0x0B29, 0x0AB1, 0x0A70, 0x0A85, 0x0A5E, 0x0A29, 0x09A6, 0x0959, 0x094D, 0x09A6, 0x09ED,
    0x09FB, 0x09D6, 0x09C1, 0x0998, 0x09BB, 0x0935, 0x08B9, 0x085D, 0x0841, 0x081F, 0x08F8, 0x08B4,
    0x086C, 0x095F, 0x09E9, 0x092E, 0x09AE, 0x0615, 0x047F, 0x06DD, 0x0768, 0x0791, 0x0820, 0x0941,
    0x0AE9, 0x0D4C, 0x0BA3, 0x0A15, 0x0998, 0x0914, 0x0811, 0x06DF, 0x049C, 0x0443, 0x0560, 0x05F1,
    0x057F, 0x0593, 0x05BC, 0x0654, 0x0690, 0x0556, 0x040D, 0x03BE, 0x0433, 0x041E, 0x0427, 0x0418,
    0x04A4, 0x0629, 0x0749, 0x0748, 0x0755, 0x079B, 0x080E, 0x07E7, 0x0729, 0x0655, 0x067F, 0x070D,
    0x07FB, 0x0848, 0x08C5, 0x09DC, 0x0AF2, 0x0B61, 0x0B6E, 0x0AF2, 0x0A88, 0x0A86, 0x0A13, 0x096B,
    0x0937, 0x0952, 0x09B0, 0x0A28, 0x0A3C, 0x0A3C, 0x0A82, 0x0AA7, 0x0A2E, 0x098B, 0x0905, 0x089A,
    0x087B, 0x087C, 0x081B, 0x082F, 0x089A, 0x08A5, 0x0876, 0x0911, 0x0861, 0x0829, 0x08CD, 0x078B,
    0x07CB, 0x0968, 0x0768, 0x0571, 0x0499, 0x049F, 0x0626, 0x0740, 0x075E, 0x0810, 0x0AA5, 0x0B9E,
    0x0BD4, 0x0A7F, 0x0918, 0x083E, 0x0808, 0x0689, 0x0506, 0x046F, 0x050D, 0x05E1, 0x06AC, 0x0686,
    0x068D, 0x0726, 0x0735, 0x061F, 0x051E, 0x0474, 0x0438, 0x047A, 0x04B1, 0x04E1, 0x05E6, 0x0703,
    0x0767, 0x07B9, 0x07CA, 0x0787, 0x076B, 0x0710, 0x06A5, 0x06DC, 0x0797, 0x07C8, 0x083F, 0x0908,
    0x09F0, 0x0A70, 0x0A96, 0x0A45, 0x0A3D, 0x0A1D, 0x09C6, 0x0947, 0x0926, 0x097E, 0x09EB, 0x0A20,
    0x0A9D, 0x0AF7, 0x0B2B, 0x0B46, 0x0AED, 0x0A65, 0x0A01, 0x095C, 0x08DF, 0x08EC, 0x08BD, 0x0884,
    0x0890, 0x0874, 0x0851, 0x0834, 0x080D, 0x07BE, 0x078D, 0x0765, 0x0756, 0x075D, 0x0747, 0x071C,
    0x0758, 0x07BD, 0x0761, 0x06FC, 0x089C, 0x0812, 0x075C, 0x071C, 0x0472, 0x04AB, 0x060D, 0x065B,
    0x065C, 0x078A, 0x0868, 0x0A68, 0x0B11, 0x0987, 0x08B6, 0x0911, 0x0811, 0x06D1, 0x05A2, 0x04FE,
    0x05A5, 0x0671, 0x0647, 0x067C, 0x0738, 0x07BE, 0x07AC, 0x06DA, 0x05EA, 0x0592, 0x057B, 0x04EA,
    0x047A, 0x050C, 0x0614, 0x0704, 0x07AB, 0x0812, 0x0890, 0x0915, 0x08CE, 0x0843, 0x07F0, 0x07CC,
    0x0803, 0x0802, 0x080F, 0x08A6, 0x095D, 0x09F1, 0x0A9E, 0x0AA4, 0x0AD8, 0x0AD4, 0x0A67, 0x0A1C,
    0x09FD, 0x09C9, 0x09BB, 0x09FC, 0x0A6F, 0x0A9F, 0x0ABA, 0x0A91, 0x0A73, 0x0A3C, 0x09C5, 0x0911,
    0x08C9, 0x08A9, 0x086F, 0x0826, 0x0807, 0x0802, 0x082C, 0x0802, 0x07DD, 0x07E7, 0x07C7, 0x0781,
    0x0727, 0x06DA, 0x06BB, 0x06A0, 0x0674, 0x066C, 0x06A4, 0x06BF, 0x06BF, 0x06B7, 0x06C9, 0x06DC,
    0x0722, 0x0707, 0x069A, 0x06EB, 0x0826, 0x072A, 0x05B5, 0x057F, 0x059D, 0x0652, 0x0685, 0x0665,
    0x0720, 0x08B3, 0x095E, 0x094A, 0x090B, 0x08C8, 0x08C2, 0x0864, 0x0738, 0x067A, 0x0685, 0x06B8,
    0x06DE, 0x070F, 0x0744, 0x07C4, 0x0848, 0x082C, 0x07A6, 0x0765, 0x072E, 0x06F5, 0x06B8, 0x0690,
    0x06B5, 0x0755, 0x07DF, 0x0822, 0x088C, 0x08F5, 0x0920, 0x0926, 0x08E8, 0x08DD, 0x08F1, 0x08F1,
    0x08FB, 0x091D, 0x0935, 0x098C, 0x09A9, 0x09CD, 0x0A22, 0x0A1A, 0x0A36, 0x0A38, 0x0A08, 0x09EE,
    0x09C7, 0x098E, 0x0963, 0x0970, 0x097D, 0x0957, 0x0944, 0x091D, 0x0919, 0x0909, 0x08BE, 0x0858,
    0x0846, 0x084D, 0x081F, 0x07D4, 0x078D, 0x076F, 0x0771, 0x0736, 0x06E1, 0x06CC, 0x06B5, 0x069B,
    0x067A, 0x065E, 0x0659, 0x0676, 0x066E, 0x0651, 0x0659, 0x0673, 0x0670, 0x0669, 0x065E, 0x066A,
    0x069A, 0x06BA, 0x069A, 0x06C2, 0x071E, 0x074E, 0x0764, 0x0760, 0x074F, 0x07EB, 0x0883, 0x075E,
    0x063F, 0x0688, 0x06C9, 0x0730, 0x0713, 0x0727, 0x084A, 0x0992, 0x09D7, 0x098F, 0x09D0, 0x09E4,
    0x09DB, 0x090A, 0x0816, 0x07A0, 0x07C3, 0x078C, 0x076C, 0x0788, 0x07FE, 0x0883, 0x08DA, 0x08B0,
    0x0892, 0x08BE, 0x0899, 0x07FE, 0x0780, 0x0784, 0x07A9, 0x07CF, 0x07C2, 0x07D2, 0x0861, 0x08EE,
    0x08F1, 0x08F9, 0x0914, 0x0936, 0x093E, 0x0903, 0x08B7, 0x08E0, 0x090B, 0x08FE, 0x08E9, 0x0910,
    0x0946, 0x095B, 0x095F, 0x092D, 0x0923, 0x092A, 0x08D0, 0x0867, 0x0851, 0x0880, 0x086D, 0x083C,
    0x0843, 0x0886, 0x08A2, 0x0851, 0x07FF, 0x07EF, 0x07CE, 0x077D, 0x0734, 0x070F, 0x0720, 0x0722,
    0x06FD, 0x06D7, 0x06C4, 0x06B8, 0x06A3, 0x0668, 0x0633, 0x063C, 0x0659, 0x065C, 0x0666, 0x067A,
    0x06AB, 0x06E4, 0x06EF, 0x06E5, 0x06F1, 0x0708, 0x0722, 0x0728, 0x0730, 0x0762, 0x07A5, 0x07CE,
    0x07E4, 0x080F, 0x0845, 0x0856, 0x084F, 0x0844, 0x0851, 0x087C, 0x0866, 0x0801, 0x0882, 0x08F4,
    0x086A, 0x07A9, 0x077C, 0x0813, 0x0858, 0x0829, 0x07E8, 0x089D, 0x0998, 0x09C8, 0x0981, 0x098A,
    0x09CE, 0x09E9, 0x095C, 0x087E, 0x0835, 0x084C, 0x07F4, 0x0781, 0x076E, 0x07BC, 0x080C, 0x07FA,
    0x07D2, 0x0816, 0x0858, 0x0823, 0x07D8, 0x07C4, 0x07D2, 0x07C2, 0x0795, 0x0784, 0x07AE, 0x07F8,
    0x0810, 0x0828, 0x0861, 0x088F, 0x08A0, 0x0890, 0x0873, 0x0867, 0x0861, 0x0846, 0x083B, 0x0864,
    0x0877, 0x0887, 0x08A4, 0x08AE, 0x08B9, 0x08B1, 0x0899, 0x0887, 0x0875, 0x084A, 0x082D, 0x081C,
    0x0810, 0x081C, 0x0831, 0x082B, 0x0829, 0x0834, 0x0820, 0x07F3, 0x07C8, 0x07AA, 0x0782, 0x0771,
    0x0771, 0x0758, 0x074E, 0x0749, 0x0737, 0x0715, 0x06E5, 0x06B9, 0x06A9, 0x0683, 0x0656, 0x065C,
    0x066C, 0x067B, 0x069E, 0x06BB, 0x06D7, 0x070F, 0x0728, 0x0735, 0x0763, 0x0782, 0x078D, 0x07A7,
    0x07B3, 0x07CB, 0x07FE, 0x0809, 0x080E, 0x0851, 0x087E, 0x087B, 0x0897, 0x08C0, 0x08B8, 0x08CB,
    0x08E2, 0x08DF, 0x08FD, 0x090E, 0x0910, 0x093E, 0x0918, 0x083C, 0x0818, 0x08AF, 0x0870, 0x0820,
    0x0852, 0x08D6, 0x0954, 0x0961, 0x0920, 0x0949, 0x09B6, 0x0957, 0x08AF, 0x086F, 0x083C, 0x07E4,
    0x0793, 0x073C, 0x072E, 0x0773, 0x077F, 0x0756, 0x0779, 0x07AD, 0x07AC, 0x07B6, 0x0799, 0x0769,
    0x0777, 0x077C, 0x0740, 0x0740, 0x0766, 0x0774, 0x07A1, 0x07CC, 0x07D0, 0x0818, 0x084D, 0x0835,
    0x084B, 0x0855, 0x084F, 0x0868, 0x085C, 0x0856, 0x0871, 0x0879, 0x0887, 0x0891, 0x0898, 0x08A3,
    0x0894, 0x089B, 0x089F, 0x088B, 0x0883, 0x087C, 0x0885, 0x088D, 0x085C, 0x0848, 0x084F, 0x0821,
    0x07FB, 0x07E4, 0x07CE, 0x07DF, 0x07E4, 0x07D5, 0x07DE, 0x07E1, 0x07CC, 0x07AB, 0x076B, 0x0733,
    0x0708, 0x06D4, 0x06A5, 0x0681, 0x0688, 0x06A9, 0x069E, 0x069E, 0x06C3, 0x06DB, 0x06E5, 0x06E6,
    0x06D6, 0x06F5, 0x0724, 0x0710, 0x0715, 0x0758, 0x0785, 0x07AA, 0x07D3, 0x07EA, 0x0824, 0x085F,
    0x0858, 0x0861, 0x0896, 0x08BF, 0x08BF, 0x08B9, 0x08E6, 0x090D, 0x094B, 0x094A, 0x08EB, 0x091B,
    0x0920, 0x0870, 0x086E, 0x08BE, 0x0882, 0x088B, 0x08A5, 0x08B1, 0x08F7, 0x091F, 0x08D3, 0x08D8,
    0x090E, 0x08DC, 0x0893, 0x0859, 0x0829, 0x0830, 0x080D, 0x07AD, 0x0788, 0x07A3, 0x0775, 0x0749,
    0x075F, 0x0768, 0x0770, 0x076A, 0x0763, 0x079F, 0x07AD, 0x0780, 0x0789, 0x07B6, 0x07CC, 0x07AA,
    0x078D, 0x07DD, 0x0808, 0x07ED, 0x0800, 0x07F9, 0x0814, 0x084C, 0x0817, 0x081E, 0x086F, 0x089F,
    0x08D7, 0x08B9, 0x08C3, 0x092A, 0x0903, 0x0890, 0x0873, 0x087D, 0x0892, 0x0855, 0x0820, 0x0840,
    0x0874, 0x0872, 0x0847, 0x0834, 0x084E, 0x0857, 0x0816, 0x07E7, 0x07D2, 0x07C5, 0x07B0, 0x074D,
    0x0720, 0x0736, 0x070C, 0x06D3, 0x06C4, 0x06C0, 0x06D5, 0x06EC, 0x06D5, 0x06F3, 0x0735, 0x072E,
    0x0731, 0x0759, 0x0769, 0x0791, 0x07AD, 0x07A4, 0x07CD, 0x07F9, 0x07DA, 0x07CB, 0x07DE, 0x07C2,
    0x07BC, 0x07B9, 0x07A6, 0x07D5, 0x0808, 0x07EB, 0x07EF, 0x083F, 0x0838, 0x0807, 0x080C, 0x080B,
    0x0816, 0x0841, 0x0810, 0x0807, 0x0857, 0x0862, 0x0833, 0x0822, 0x083A, 0x0850, 0x0835, 0x0825,
    0x0813, 0x0848, 0x0866, 0x083C, 0x0820, 0x085B, 0x0886, 0x0856, 0x084D, 0x086B, 0x085F, 0x0868,
    0x086C, 0x0851, 0x0855, 0x0872, 0x0852, 0x0855, 0x0857, 0x083F, 0x084D, 0x0865, 0x085B, 0x0844,
    0x0853, 0x0878, 0x0882, 0x088E, 0x086C, 0x08AB, 0x08E0, 0x0873, 0x08A6, 0x08AB, 0x0842, 0x0883,
    0x084C, 0x080C, 0x0878, 0x0878, 0x0824, 0x0875, 0x0875, 0x086F, 0x0864, 0x0880, 0x0801, 0x0808,
    0x084C, 0x0822, 0x07BA, 0x07E7, 0x07EC, 0x07B6, 0x07C2, 0x073C, 0x078C, 0x0787, 0x0742, 0x0733,
    0x0770, 0x073D, 0x073D, 0x0732, 0x0741, 0x0739, 0x072E, 0x071E, 0x0731, 0x070D, 0x0769, 0x0752,
    0x06F0, 0x0760, 0x0796, 0x06E7, 0x074B, 0x07BF, 0x0727, 0x0734, 0x07B1, 0x0799, 0x0764, 0x0796,
    0x07AD, 0x073C, 0x07F7, 0x07BA, 0x0784, 0x07DF, 0x07CE, 0x0811, 0x07ED, 0x07E2, 0x07FC, 0x085D,
    0x081F, 0x07F0, 0x0847, 0x085D, 0x0855, 0x07E9, 0x085E, 0x0866, 0x07DF, 0x081B, 0x0881, 0x0825,
    0x07E4, 0x087E, 0x083E, 0x081C, 0x08A2, 0x084D, 0x07F2, 0x08AE, 0x0821, 0x089E, 0x082B, 0x0825,
    0x0883, 0x08A7, 0x084A, 0x0835, 0x0892, 0x0890, 0x089A, 0x0856, 0x08CB, 0x08BB, 0x0851, 0x08C6,
    0x0898, 0x086E, 0x08F8, 0x084D, 0x08A9, 0x091B, 0x083A, 0x08F0, 0x08A8, 0x0843, 0x088A, 0x08AA,
    0x07D5, 0x0877, 0x0869, 0x07F9, 0x084E, 0x0823, 0x0838, 0x0825, 0x07C3, 0x082B, 0x07E5, 0x0836,
    0x07EB, 0x077A, 0x07F4, 0x081C, 0x0776, 0x07B5, 0x07DC, 0x078F, 0x0793, 0x0802, 0x0713, 0x077D,
    0x07BF, 0x0736, 0x07AF, 0x06F2, 0x07A1, 0x07B4, 0x0700, 0x0748, 0x07BD, 0x0758, 0x0774, 0x0779,
    0x07FC, 0x06C2, 0x07B4, 0x0807, 0x06BE, 0x07CD, 0x07EE, 0x0722, 0x0770, 0x07FE, 0x071F, 0x0754,
    0x0816, 0x075D, 0x07E0, 0x07E1, 0x07DB, 0x07EC, 0x0777, 0x07F5, 0x0802, 0x07D7, 0x07FB, 0x07E9,
    0x07BF, 0x085B, 0x07AC, 0x0853, 0x07EE, 0x077B, 0x0874, 0x08AE, 0x077A, 0x085C, 0x086F, 0x07D4,
    0x087E, 0x085A, 0x07CB, 0x0826, 0x08F7, 0x082B, 0x078A, 0x0902, 0x0875, 0x0801, 0x0881, 0x0897,
    0x07FE, 0x088D, 0x0862, 0x0872, 0x0811, 0x08A2, 0x08C7, 0x0801, 0x0856, 0x0884, 0x0893, 0x0889,
    0x0822, 0x08C9, 0x0875, 0x0822, 0x086F, 0x089E, 0x081A, 0x0764, 0x0932, 0x0823, 0x0820, 0x0803,
    0x0803, 0x08DA, 0x07E9, 0x07B3, 0x082E, 0x083A, 0x0823, 0x07A0, 0x0858, 0x07D1, 0x07A6, 0x0850,
    0x07F4, 0x0751, 0x080F, 0x0809, 0x07AF, 0x079A, 0x0871, 0x0770, 0x075C, 0x0821, 0x0775, 0x078B,
    0x07F6, 0x0757, 0x0791, 0x084E, 0x070D, 0x078F, 0x082D, 0x07C7, 0x075D, 0x0794, 0x07A2, 0x0797,
    0x079C, 0x077C, 0x0814, 0x073A, 0x085A, 0x07D3, 0x072E, 0x07F6, 0x0805, 0x0779, 0x07F7, 0x07B4,
    0x07A1, 0x0836, 0x077A, 0x0809, 0x081C, 0x07CB, 0x080E, 0x07E5, 0x081B, 0x084A, 0x07A3, 0x088A,
    0x0866, 0x073F, 0x08C5, 0x0878, 0x0756, 0x0881, 0x086D, 0x0771, 0x08A6, 0x0886, 0x079F, 0x087B,
    0x08C1, 0x0796, 0x084C, 0x08A5, 0x07E3, 0x0858, 0x088F, 0x07E0, 0x0783, 0x0872, 0x0845, 0x0797,
    0x088B, 0x0860, 0x0786, 0x08DB, 0x0857, 0x07C4, 0x085C, 0x07B4, 0x08B4, 0x0800, 0x0806, 0x07E5,
    0x0848, 0x0871, 0x0818, 0x0750, 0x088D, 0x08BB, 0x06A8, 0x08E2, 0x07B5, 0x07A9, 0x08CE, 0x07A2,
    0x07C5, 0x0817, 0x07E2, 0x07FF, 0x082E, 0x07B4, 0x0853, 0x0860, 0x06E5, 0x0865, 0x0868, 0x0787,
    0x081B, 0x07B3, 0x079C, 0x0824, 0x07EA, 0x0710, 0x086F, 0x07B2, 0x07E3, 0x07A8, 0x083F, 0x07CF,
    0x07CC, 0x07F0, 0x07A9, 0x07D7, 0x0822, 0x0787, 0x0801, 0x07F2, 0x07F7, 0x0828, 0x076C, 0x0820,
    0x0849, 0x0790, 0x082D, 0x0807, 0x0795, 0x086E, 0x07EC, 0x0782, 0x0836, 0x07C6, 0x07C1, 0x08B6,
    0x0799, 0x07D8, 0x0825, 0x08BC, 0x0767, 0x07C8, 0x08CF, 0x07C6, 0x0786, 0x088B, 0x082A, 0x0732,
    0x08BE, 0x084F, 0x0778, 0x084D, 0x07EE, 0x085B, 0x0811, 0x0807, 0x082E, 0x0833, 0x07BC, 0x07EB,
    0x0873, 0x07D2, 0x07C9, 0x0816, 0x082C, 0x07C0, 0x0874, 0x0796, 0x0882, 0x0807, 0x07A4, 0x087F,
    0x0873, 0x07C8, 0x07E4, 0x0857, 0x080A, 0x07CE, 0x0838, 0x074D, 0x0854, 0x082F, 0x07D0, 0x0821,
    0x0829, 0x07DF, 0x0868, 0x07BD, 0x0728, 0x090B, 0x07CD, 0x0785, 0x088F, 0x07F6, 0x078C, 0x0875,
    0x0834, 0x075D, 0x0807, 0x086A, 0x077C, 0x07DE, 0x086A, 0x0790, 0x07E9, 0x0813, 0x08A6, 0x0776,
    0x07C8, 0x08AE, 0x073E, 0x082D, 0x085A, 0x0750, 0x0856, 0x0843, 0x073B, 0x0836, 0x0821, 0x07CE,
    0x0811, 0x079A, 0x0816, 0x085E, 0x0787, 0x07D0, 0x083C, 0x07BE, 0x086A, 0x0818, 0x0796, 0x0856,
    0x0796, 0x0822, 0x07DE, 0x0821, 0x07FA, 0x0805, 0x07A2, 0x085F, 0x0832, 0x0761, 0x0869, 0x0827,
    0x077B, 0x083E, 0x07BC, 0x0816, 0x0830, 0x0876, 0x074F, 0x0801, 0x08F8, 0x072A, 0x079B, 0x08F5,
    0x07B2, 0x07AF, 0x08CF, 0x079F, 0x07AB, 0x086D, 0x07CE, 0x082C, 0x07D1, 0x0806, 0x0817, 0x084D,
    0x07BA, 0x082E, 0x0847, 0x0760, 0x08AC, 0x0836, 0x0727, 0x085F, 0x0806, 0x078B, 0x08D4, 0x07A7,
    0x0810, 0x0887, 0x07B6, 0x07FF, 0x0801, 0x07DB, 0x085A, 0x0805, 0x07DE, 0x0807, 0x07D5, 0x0850,
    0x07EE, 0x071E, 0x0914, 0x0870, 0x06D0, 0x08D6, 0x0835, 0x073E, 0x08B8, 0x07E6, 0x071D, 0x08D9,
    0x07EB, 0x070B, 0x08B9, 0x07F5, 0x0791, 0x07D8, 0x0907, 0x073E, 0x080E, 0x0906, 0x06FE, 0x07CC,
    0x083A, 0x0871, 0x0643, 0x094D, 0x079A, 0x06F9, 0x08DB, 0x07E7, 0x07CB, 0x0854, 0x0798, 0x07F4,
    0x0888, 0x076E, 0x085D, 0x07ED, 0x07C3, 0x08E0, 0x0708, 0x084C, 0x0824, 0x077A, 0x082C, 0x07AE,
    0x081C, 0x0826, 0x0858, 0x07B2, 0x083E, 0x0866, 0x07D9, 0x077E, 0x07DD, 0x0878, 0x07EB, 0x07C6,
    0x0877, 0x07FD, 0x07A2, 0x0876, 0x0814, 0x0780, 0x08BD, 0x0768, 0x0853, 0x081B, 0x07A2, 0x089B,
    0x0797, 0x07FD, 0x087E, 0x074D, 0x0853, 0x0845, 0x0739, 0x08A5, 0x084A, 0x0714, 0x08D2, 0x07C8,
    0x074D, 0x0945, 0x073D, 0x0779, 0x0900, 0x07AF, 0x0761, 0x0896, 0x081F, 0x076B, 0x0888, 0x0816,
    0x07E6, 0x07DA, 0x085E, 0x07C4, 0x07D9, 0x081F, 0x07DD, 0x0864, 0x07DA, 0x0824, 0x07F4, 0x0768,
    0x08E9, 0x07D1, 0x074C, 0x0879, 0x0820, 0x07D6, 0x07BE, 0x0812, 0x0828, 0x07C4, 0x085A, 0x082B,
    0x07D6, 0x07F5, 0x084A, 0x070A, 0x08A0, 0x0857, 0x0708, 0x0857, 0x08AD, 0x06AE, 0x0907, 0x0860,
    0x06E3, 0x0890, 0x07EE, 0x07D4, 0x0797, 0x08C9, 0x07C7, 0x06B1, 0x0995, 0x07E6, 0x06EC, 0x0882,
    0x08B5, 0x06A9, 0x08BF, 0x081F, 0x074E, 0x087F, 0x07D7, 0x07DD, 0x07F3, 0x08CD, 0x07D5, 0x078A,
    0x086B, 0x0832, 0x0808, 0x0797, 0x0804, 0x07C7, 0x08B8, 0x0753, 0x0783, 0x090D, 0x073E, 0x080F,
    0x0877, 0x07AE, 0x0741, 0x0979, 0x08A3, 0x057F, 0x09AD, 0x08D6, 0x063A, 0x08FD, 0x08A8, 0x06B1,
    0x0877, 0x08C3, 0x0733, 0x0844, 0x0809, 0x07F2, 0x076F, 0x07D0, 0x08B6, 0x07DB, 0x078A, 0x090A,
    0x0746, 0x0804, 0x08A3, 0x0720, 0x0836, 0x08AA, 0x0727, 0x079C, 0x0901, 0x0774, 0x0827, 0x07ED,
    0x07B1, 0x08AC, 0x0818, 0x0774, 0x089D, 0x0783, 0x0862, 0x07CE, 0x07D9, 0x0814, 0x07DB, 0x083C,
    0x076F, 0x0862, 0x082C, 0x0783, 0x0816, 0x07E5, 0x083C, 0x0824, 0x079B, 0x07D4, 0x0836, 0x076D,
    0x08A2, 0x0833, 0x0748, 0x0882, 0x0890, 0x0738, 0x081F, 0x0853, 0x0763, 0x081C, 0x08D0, 0x0705,
    0x07FF, 0x090A, 0x079F, 0x06F7, 0x0936, 0x0838, 0x075B, 0x07E1, 0x0832, 0x07B2, 0x07E5, 0x0808,
    0x0873, 0x0712, 0x08A0, 0x08B0, 0x0793, 0x07EE, 0x0875, 0x0786, 0x086B, 0x0800, 0x07C1, 0x0821,
    0x080A, 0x083A, 0x07B4, 0x07E4, 0x080C, 0x07E3, 0x0807, 0x07D3, 0x088B, 0x0784, 0x0853, 0x07A4,
    0x07B7, 0x0892, 0x0842, 0x0786, 0x081F, 0x0816, 0x07A9, 0x089F, 0x080B, 0x0711, 0x0880, 0x0917,
    0x05B8, 0x09C0, 0x0832, 0x060C, 0x0958, 0x083C, 0x0671, 0x088F, 0x09B7, 0x0628, 0x07E5, 0x09A6,
    0x078C, 0x06E5, 0x0981, 0x07B9, 0x0651, 0x09F9, 0x06A1, 0x07EE, 0x08E7, 0x0716, 0x08A0, 0x081C,
    0x0741, 0x0826, 0x0811, 0x07EE, 0x07F7, 0x07FD, 0x0857, 0x07AD, 0x089F, 0x07DD, 0x0856, 0x06D8,
    0x08FE, 0x08E5, 0x069F, 0x081C, 0x081D, 0x07DD, 0x08B6, 0x0713, 0x0796, 0x0988, 0x0714, 0x07E8,
    0x0836, 0x07B9, 0x07BF, 0x085D, 0x082F, 0x0736, 0x0896, 0x084A, 0x0829, 0x07E1, 0x08A2, 0x0752,
    0x081B, 0x087B, 0x072A, 0x0784, 0x0995, 0x0783, 0x0687, 0x0986, 0x0780, 0x0756, 0x0952, 0x076A,
    0x07F9, 0x07D3, 0x0875, 0x07FA, 0x07B3, 0x0797, 0x08F0, 0x06D7, 0x08BE, 0x0835, 0x0772, 0x08ED,
    0x0733, 0x0829, 0x08B6, 0x0731, 0x0846, 0x082B, 0x0783, 0x0815, 0x07D9, 0x07F0, 0x08E2, 0x06F5,
    0x07DE, 0x094A, 0x073F, 0x0720, 0x09F4, 0x069A, 0x084F, 0x0863, 0x0734, 0x08BA, 0x07E5, 0x0722,
    0x08BB, 0x07C2, 0x079A, 0x08CC, 0x07BD, 0x07AB, 0x07E8, 0x08AF, 0x07B8, 0x074C, 0x08C8, 0x075B,
    0x07AD, 0x0827, 0x0896, 0x0730, 0x0845, 0x088B, 0x072F, 0x08B7, 0x0815, 0x075D, 0x0822, 0x083E,
    0x0817, 0x07A7, 0x0887, 0x07C6, 0x07C0, 0x085D, 0x07E8, 0x0794, 0x0881, 0x085A, 0x06FE, 0x08C7,
    0x0825, 0x072F, 0x0898, 0x08ED, 0x06D1, 0x08AB, 0x0818, 0x072F, 0x08A1, 0x0847, 0x07D0, 0x07EE,
    0x0833, 0x0863, 0x07F4, 0x07E7, 0x0777, 0x0870, 0x07A6, 0x086C, 0x07ED, 0x071D, 0x0960, 0x0767,
    0x0791, 0x0887, 0x079D, 0x07C5, 0x0868, 0x07AC, 0x0819, 0x0804, 0x07F9, 0x0834, 0x081F, 0x07B8,
    0x0824, 0x07EA, 0x082E, 0x07C9, 0x07DA, 0x0862, 0x0758, 0x0855, 0x07AF, 0x07DC, 0x083B, 0x07AF,
    0x084D, 0x07BC, 0x07F9, 0x0808, 0x0811, 0x07D7, 0x07C8, 0x08A6, 0x0753, 0x0832, 0x08B5, 0x076A,
    0x07DE, 0x089D, 0x0784, 0x083E, 0x07FC, 0x07BD, 0x07E4, 0x089A, 0x075A, 0x07F9, 0x0880, 0x079D,
    0x086B, 0x0822, 0x0724, 0x08BF, 0x07F4, 0x07CB, 0x08A2, 0x07BE, 0x075D, 0x088D, 0x0847, 0x07AA,
    0x0793, 0x081C, 0x082A, 0x084F, 0x078D, 0x07ED, 0x07CE, 0x08B0, 0x080A, 0x0783, 0x0833, 0x085F,
    0x0839, 0x07C3, 0x07D1, 0x07D8, 0x08A5, 0x07EB, 0x0780, 0x0818, 0x07EF, 0x0873, 0x0805, 0x0798,
    0x07F5, 0x07D6, 0x0854, 0x080C, 0x078C, 0x0809, 0x081B, 0x0829, 0x0803, 0x07E0, 0x07FC, 0x082A,
    0x07D2, 0x07E0, 0x0827, 0x0814, 0x07E0, 0x080E, 0x07E6, 0x0808, 0x0811, 0x07ED, 0x07CA, 0x080E,
    0x083A, 0x0842, 0x07EB, 0x07F3, 0x0838, 0x082C, 0x07DB, 0x07E2, 0x07FF, 0x0803, 0x083A, 0x0809,
    0x07BD, 0x0803, 0x0814, 0x07BF, 0x07C3, 0x0804, 0x07D1, 0x07D6, 0x07ED, 0x07C0, 0x0802, 0x084A,
    0x0820, 0x07E7, 0x0820, 0x0815, 0x07F4, 0x0819, 0x07F2, 0x07B9, 0x07DA, 0x07F4, 0x080A, 0x0819,
    0x0800, 0x07E5, 0x0824, 0x0877, 0x0867, 0x0810, 0x07E3, 0x0817, 0x0866, 0x0825, 0x07F2, 0x07E7,
    0x07D8, 0x0805, 0x0821, 0x07D0, 0x0794, 0x07F9, 0x0836, 0x07DA, 0x0793, 0x0758, 0x076C, 0x07CD,
    0x07D4, 0x07A8, 0x07C8, 0x0809, 0x0864, 0x082E, 0x0815, 0x0827, 0x084E, 0x0853, 0x085D, 0x0833,
    0x0821, 0x0861, 0x0881, 0x0881, 0x086D, 0x086E, 0x0897, 0x08A9, 0x08A6, 0x089A, 0x0893, 0x0878,
    0x0862, 0x07FA, 0x07B5, 0x079A, 0x074D, 0x0708, 0x06B0, 0x068F, 0x06F2, 0x0776, 0x0736, 0x064C,
    0x0547, 0x045B, 0x04C4, 0x05D7, 0x05F0, 0x067B, 0x07E7, 0x09BA, 0x0B17, 0x0B9C, 0x0B5E, 0x0B68,
    0x0BA5, 0x0B34, 0x0A75, 0x0950, 0x088A, 0x0911, 0x09C8, 0x09F8, 0x09A0, 0x08F7, 0x08C6, 0x08E4,
    0x084D, 0x074B, 0x068C, 0x06B5, 0x0770, 0x072D, 0x065E, 0x058E, 0x04FC, 0x052D, 0x0557, 0x055E,
    0x0592, 0x05FF, 0x04E5, 0x02B4, 0x0243, 0x0359, 0x04D2, 0x0620, 0x075F, 0x095A, 0x0BA3, 0x0D47,
    0x0D19, 0x0C36, 0x0B2F, 0x0A70, 0x0A5D, 0x0A43, 0x09E6, 0x09F0, 0x0A83, 0x0B55, 0x0B9C, 0x0B17,
    0x09FE, 0x097E, 0x092C, 0x08AE, 0x07DB, 0x06F6, 0x0703, 0x079D, 0x0822, 0x07CE, 0x0797, 0x0778,
    0x06DF, 0x0688, 0x05D8, 0x0590, 0x0520, 0x03AD, 0x01DC, 0x013D, 0x02BF, 0x04B6, 0x0622, 0x0720,
    0x0895, 0x0A82, 0x0B61, 0x0ADC, 0x09B9, 0x08D4, 0x090D, 0x0993, 0x09AC, 0x09D2, 0x09C3, 0x0A5E,
    0x0B51, 0x0B42, 0x0A2B, 0x092A, 0x0887, 0x086A, 0x0852, 0x07FB, 0x0778, 0x0769, 0x07E1, 0x0869,
    0x0876, 0x080A, 0x07C1, 0x0755, 0x06C0, 0x0696, 0x06B5, 0x0676, 0x0514, 0x02FB, 0x01E1, 0x0265,
    0x043A, 0x05FE, 0x0734, 0x089C, 0x0A35, 0x0B94, 0x0BAA, 0x0A86, 0x096D, 0x08FE, 0x0976, 0x0A0C,
    0x0A4F, 0x0A83, 0x0A5B, 0x0AF1, 0x0B8A, 0x0ADF, 0x09E8, 0x08B7, 0x0832, 0x0809, 0x0822, 0x07EE,
    0x077B, 0x0775, 0x078E, 0x07F2, 0x0842, 0x07D2, 0x0772, 0x0670, 0x05D7, 0x0614, 0x069A, 0x0632,
    0x0432, 0x020A, 0x014F, 0x029F, 0x04E6, 0x0695, 0x07C1, 0x08B0, 0x09FC, 0x0B42, 0x0AF9, 0x09B7,
    0x08AB, 0x0867, 0x0961, 0x0A43, 0x0A96, 0x0A92, 0x0A41, 0x0AD8, 0x0B31, 0x0A73, 0x0970, 0x085B,
    0x07A1, 0x0797, 0x07D7, 0x07BB, 0x0779, 0x076B, 0x07F1, 0x0892, 0x08B3, 0x0809, 0x072F, 0x0638,
    0x05C0, 0x0639, 0x06CC, 0x0671, 0x0485, 0x027D, 0x01E2, 0x030D, 0x052C, 0x071C, 0x0842, 0x091F,
    0x0A0C, 0x0A97, 0x0A9D, 0x09F6, 0x0936, 0x08FF, 0x0987, 0x0A60, 0x0B3A, 0x0B6E, 0x0AEC, 0x0ACA,
    0x0A8E, 0x09FE, 0x0988, 0x08DE, 0x083E, 0x07F5, 0x0816, 0x07DE, 0x07D7, 0x07D9, 0x0800, 0x084A,
    0x086A, 0x0838, 0x079B, 0x066B, 0x0593, 0x05CA, 0x06AA, 0x06F2, 0x0560, 0x0300, 0x0187, 0x0243,
    0x0489, 0x06AF, 0x07F1, 0x08A0, 0x0957, 0x0A14, 0x0A75, 0x0A38, 0x0987, 0x0907, 0x094A, 0x09DA,
    0x0ACE, 0x0B4D, 0x0ACD, 0x0A75, 0x0A0D, 0x0985, 0x0960, 0x090E, 0x08A3, 0x0826, 0x07F2, 0x07B6,
    0x07A9, 0x07BA, 0x07F5, 0x0823, 0x0822, 0x07F2, 0x078E, 0x06A5, 0x05C8, 0x05B2, 0x063E, 0x06EB,
    0x06A4, 0x04D7, 0x02CC, 0x01DD, 0x0305, 0x0557, 0x0744, 0x0856, 0x08E9, 0x0962, 0x09DE, 0x0A51,
    0x0A32, 0x09DB, 0x099B, 0x0992, 0x0A1B, 0x0B07, 0x0AEE, 0x0A90, 0x0A7F, 0x09EE, 0x09AE, 0x095E,
    0x08F2, 0x08A9, 0x0852, 0x080C, 0x07B0, 0x0783, 0x07CD, 0x07D5, 0x081F, 0x07F9, 0x07E6, 0x0760,
    0x0675, 0x05E6, 0x05CC, 0x0623, 0x06A0, 0x065E, 0x049C, 0x02DD, 0x0271, 0x0361, 0x0552, 0x0731,
    0x0831, 0x0906, 0x0974, 0x09CE, 0x0A34, 0x0A2C, 0x0A0B, 0x09F0, 0x09F6, 0x0A3C, 0x0ABD, 0x0AE6,
    0x0ADB, 0x0A85, 0x09F6, 0x0977, 0x0912, 0x08ED, 0x08A3, 0x0861, 0x081E, 0x07CB, 0x07B8, 0x07CC,
    0x0814, 0x0800, 0x080B, 0x0806, 0x075C, 0x06AC, 0x0601, 0x05A1, 0x05DB, 0x06AD, 0x0687, 0x0512,
    0x038F, 0x02AB, 0x0357, 0x0531, 0x06DE, 0x083A, 0x08DD, 0x091B, 0x096A, 0x09CB, 0x0A01, 0x0A1F,
    0x0A3B, 0x0A45, 0x0A43, 0x0ABC, 0x0AB0, 0x0A95, 0x0A8E, 0x0A14, 0x0983, 0x090F, 0x08E0, 0x089D,
    0x086A, 0x0810, 0x07DF, 0x07C0, 0x07D6, 0x0801, 0x07F6, 0x07CE, 0x0792, 0x0743, 0x06A1, 0x0617,
    0x05AF, 0x05C8, 0x0632, 0x069A, 0x0612, 0x04A8, 0x036F, 0x034C, 0x0434, 0x05D0, 0x0751, 0x0838,
    0x08C0, 0x0901, 0x0968, 0x09FC, 0x0A6F, 0x0A8E, 0x0AAB, 0x0A80, 0x0A7A, 0x0AC9, 0x0ABF, 0x0AC4,
    0x0ABB, 0x0A02, 0x0974, 0x08E4, 0x088E, 0x0878, 0x0876, 0x084C, 0x07DC, 0x0776, 0x0776, 0x0798,
    0x07C7, 0x07B4, 0x0744, 0x06E8, 0x0669, 0x060A, 0x05CD, 0x059F, 0x05E9, 0x0626, 0x05C9, 0x04DC,
    0x03F6, 0x03A5, 0x044A, 0x05C0, 0x0705, 0x0825, 0x08DD, 0x0933, 0x09BB, 0x0A2C, 0x0A98, 0x0AE6,
    0x0AEE, 0x0AC8, 0x0A94, 0x0AA1, 0x0AB2, 0x0AD4, 0x0AE4, 0x0A65, 0x09AD, 0x08FF, 0x0889, 0x0870,
    0x0879, 0x086D, 0x082B, 0x07B2, 0x0772, 0x0763, 0x0774, 0x0780, 0x0754, 0x0700, 0x068D, 0x0616,
    0x05BB, 0x058C, 0x057B, 0x05C6, 0x05EF, 0x0578, 0x04BC, 0x0418, 0x042A, 0x04E8, 0x061C, 0x075D,
    0x084B, 0x08EF, 0x095F, 0x09D6, 0x0A2C, 0x0AAD, 0x0B01, 0x0B21, 0x0B09, 0x0AE7, 0x0ADA, 0x0AB8,
    0x0AE1, 0x0AB2, 0x0A2A, 0x098D, 0x08F4, 0x088E, 0x0857, 0x0853, 0x0819, 0x07CF, 0x078F, 0x073C,
    0x0737, 0x0732, 0x073E, 0x0726, 0x06DB, 0x0681, 0x060B, 0x05A7, 0x0582, 0x0571, 0x059F, 0x05F2,
    0x05E9, 0x055C, 0x04C8, 0x047B, 0x04C3, 0x05C7, 0x06E1, 0x07E5, 0x08B8, 0x092D, 0x098F, 0x0A0E,
    0x0A8F, 0x0AFA, 0x0B40, 0x0B41, 0x0B15, 0x0B0A, 0x0AFA, 0x0AEC, 0x0ADE, 0x0A80, 0x09F2, 0x0958,
    0x08C7, 0x0865, 0x084A, 0x084B, 0x0808, 0x07AE, 0x075F, 0x071A, 0x0710, 0x0719, 0x070D, 0x06F5,
    0x06B1, 0x0659, 0x061A, 0x05C5, 0x058F, 0x058A, 0x057C, 0x05A2, 0x05D9, 0x05C5, 0x056B, 0x0529,
    0x053B, 0x0598, 0x0652, 0x074C, 0x0815, 0x08C7, 0x0977, 0x0A08, 0x0A65, 0x0AC8, 0x0B2B, 0x0B4C,
    0x0B53, 0x0B50, 0x0B32, 0x0B00, 0x0AF2, 0x0AB0, 0x0A2E, 0x09A7, 0x0927, 0x08AD, 0x085F, 0x083F,
    0x07FE, 0x07BC, 0x078A, 0x073D, 0x06FA, 0x06E5, 0x06D6, 0x06B0, 0x06AC, 0x0686, 0x0642, 0x0614,
    0x05E6, 0x05A6, 0x0578, 0x056E, 0x058A, 0x05BA, 0x05FE, 0x05FC, 0x05AE, 0x056B, 0x0590, 0x05FE,
    0x06BD, 0x07A8, 0x087F, 0x0932, 0x09CF, 0x0A59, 0x0AC4, 0x0B17, 0x0B4F, 0x0B62, 0x0B5C, 0x0B58,
    0x0B44, 0x0B1A, 0x0AFA, 0x0ABB, 0x0A37, 0x09A2, 0x090F, 0x089B, 0x0844, 0x0810, 0x07DE, 0x078E,
    0x074A, 0x070D, 0x06E8, 0x06D3, 0x06C4, 0x06B3, 0x0684, 0x0650, 0x0639, 0x0613, 0x05E3, 0x05D0,
    0x05B0, 0x0579, 0x0561, 0x056C, 0x05C1, 0x062F, 0x065B, 0x0655, 0x061D, 0x05F4, 0x0646, 0x06E8,
    0x079C, 0x087E, 0x0938, 0x09DD, 0x0A65, 0x0AC5, 0x0B1F, 0x0B67, 0x0B77, 0x0B6F, 0x0B5A, 0x0B33,
    0x0B10, 0x0AF6, 0x0ABF, 0x0A65, 0x09E4, 0x0952, 0x08C7, 0x0857, 0x0800, 0x07B5, 0x0769, 0x0723,
    0x06F4, 0x06D2, 0x06C2, 0x06AC, 0x068E, 0x066E, 0x0644, 0x0616, 0x0609, 0x0600, 0x05ED, 0x05E4,
    0x05CB, 0x05A3, 0x0588, 0x0589, 0x05AD, 0x05F2, 0x0666, 0x06C7, 0x06C2, 0x068E, 0x067F, 0x069A,
    0x070C, 0x07B9, 0x0879, 0x091F, 0x09CC, 0x0A66, 0x0AD3, 0x0B3C, 0x0B87, 0x0BA9, 0x0BAB, 0x0B92,
    0x0B79, 0x0B5A, 0x0B2F, 0x0B09, 0x0AAA, 0x0A20, 0x0981, 0x08F3, 0x086A, 0x080F, 0x07C9, 0x0778,
    0x072A, 0x06DF, 0x06AD, 0x0689, 0x0670, 0x0669, 0x0641, 0x060D, 0x05F2, 0x05D3, 0x05BF, 0x05C2,
    0x05C5, 0x05B8, 0x05A2, 0x05A3, 0x05AF, 0x05BC, 0x05E3, 0x060D, 0x063C, 0x069C, 0x071E, 0x0779,
    0x0798, 0x078F, 0x078A, 0x0779, 0x07E9, 0x0880, 0x0905, 0x09C2, 0x0A5B, 0x0AA7, 0x0B13, 0x0B4A,
    0x0B70, 0x0BA1, 0x0BB9, 0x0BBA, 0x0BA2, 0x0B70, 0x0B31, 0x0AD5, 0x0A65, 0x09E9, 0x0954, 0x08C5,
    0x0857, 0x07E2, 0x077A, 0x070D, 0x0694, 0x062B, 0x05E8, 0x05C4, 0x05C2, 0x05C8, 0x05CD, 0x05C4,
    0x05B3, 0x059A, 0x0584, 0x0579, 0x0584, 0x05A1, 0x05BA, 0x05D0, 0x05EA, 0x0601, 0x062F, 0x065E,
    0x0687, 0x06C2, 0x06FD, 0x0740, 0x07B2, 0x0820, 0x086F, 0x0877, 0x083D, 0x0829, 0x084B, 0x0877,
    0x090C, 0x09A7, 0x0A28, 0x0ABE, 0x0B23, 0x0B62, 0x0BAC, 0x0BC8, 0x0BE1, 0x0BDE, 0x0BCD, 0x0BC0,
    0x0B81, 0x0B33, 0x0ADA, 0x0A40, 0x09A2, 0x08FA, 0x0844, 0x07B5, 0x0736, 0x06C0, 0x065C, 0x05EA,
    0x05A8, 0x0582, 0x0561, 0x0560, 0x055B, 0x0554, 0x0555, 0x0557, 0x055C, 0x0564, 0x056C, 0x0571,
    0x0571, 0x058C, 0x05AF, 0x05D7, 0x0616, 0x064B, 0x067D, 0x06B6, 0x06F3, 0x073F, 0x078A, 0x07D5,
    0x081C, 0x0860, 0x08BF, 0x092B, 0x0963, 0x0964, 0x0943, 0x08FC, 0x08EB, 0x092A, 0x0978, 0x09EB,
    0x0A76, 0x0AD6, 0x0B31, 0x0B7F, 0x0BB2, 0x0BDF, 0x0BE9, 0x0BD5, 0x0B9D, 0x0B47, 0x0AE3, 0x0A72,
    0x0A05, 0x099A, 0x0912, 0x0870, 0x07C0, 0x0714, 0x0676, 0x05FD, 0x05AB, 0x055D, 0x0528, 0x0513,
    0x0509, 0x051B, 0x052E, 0x0540, 0x054E, 0x0548, 0x0551, 0x0557, 0x0563, 0x0594, 0x05B3, 0x05CF,
    0x05F1, 0x05FD, 0x061D, 0x064C, 0x0681, 0x06D3, 0x071C, 0x076C, 0x07C6, 0x0807, 0x0857, 0x08A9,
    0x08D8, 0x0918, 0x095D, 0x09AC, 0x0A14, 0x0A53, 0x0A62, 0x0A2F, 0x09B7, 0x097B, 0x0975, 0x0961,
    0x09BB, 0x0A16, 0x0A45, 0x0AAA, 0x0AEF, 0x0B0B, 0x0B40, 0x0B3E, 0x0B28, 0x0AFE, 0x0AC1, 0x0A7B,
    0x0A16, 0x09AE, 0x0942, 0x08AF, 0x081B, 0x078C, 0x06EA, 0x0654, 0x05CE, 0x0555, 0x04F2, 0x04B5,
    0x04A4, 0x04A9, 0x04C4, 0x04E2, 0x0500, 0x0529, 0x0548, 0x0576, 0x05A3, 0x05C0, 0x05E7, 0x0601,
    0x0617, 0x064A, 0x0673, 0x06A1, 0x06D8, 0x06FC, 0x072B, 0x075F, 0x078C, 0x07CA, 0x0803, 0x083E,
    0x0888, 0x08BF, 0x08F3, 0x0935, 0x095D, 0x0987, 0x09B1, 0x09D3, 0x09FE, 0x0A31, 0x0A64, 0x0A73,
    0x0A13, 0x09A0, 0x0958, 0x0900, 0x091B, 0x0967, 0x0983, 0x09D3, 0x0A18, 0x0A23, 0x0A61, 0x0A90,
    0x0AA8, 0x0AC5, 0x0ABA, 0x0A88, 0x0A3E, 0x09DC, 0x097B, 0x0914, 0x088E, 0x0809, 0x0769, 0x06BE,
    0x0641, 0x05BF, 0x0547, 0x04EA, 0x0488, 0x0441, 0x0434, 0x043F, 0x046D, 0x0496, 0x04B0, 0x04D6,
    0x04E7, 0x050B, 0x054E, 0x0589, 0x05E6, 0x0640, 0x0684, 0x06CF, 0x0712, 0x0763, 0x07BF, 0x0806,
    0x084D, 0x0879, 0x0896, 0x08C0, 0x08DC, 0x08FC, 0x0928, 0x093C, 0x095A, 0x0970, 0x0983, 0x099A,
    0x09AE, 0x09C4, 0x09C5, 0x09A9, 0x09B1, 0x09D7, 0x09F6, 0x0A51, 0x0A7A, 0x0A1B, 0x099D, 0x0925,
    0x08D4, 0x08BB, 0x08DB, 0x08FE, 0x090C, 0x0937, 0x094F, 0x095B, 0x09A3, 0x09C3, 0x09C5, 0x09D0,
    0x09AF, 0x0979, 0x094F, 0x0906, 0x08BC, 0x085B, 0x07C3, 0x072A, 0x068C, 0x0603, 0x05A3, 0x0546,
    0x04EF, 0x04A9, 0x0457, 0x043A, 0x043B, 0x0444, 0x0471, 0x0490, 0x04A6, 0x04D2, 0x04FC, 0x0545,
    0x05B3, 0x0610, 0x0668, 0x06B3, 0x06EB, 0x0739, 0x0794, 0x07F4, 0x0861, 0x08BA, 0x0902, 0x0943,
    0x096C, 0x0995, 0x09B9, 0x09D1, 0x09E1, 0x09E6, 0x09E1, 0x09E5, 0x09E2, 0x09E4, 0x09E4, 0x09DE,
    0x09D4, 0x09C7, 0x09B1, 0x09A7, 0x0990, 0x0979, 0x097A, 0x09A5, 0x09BD, 0x09AA, 0x0961, 0x08F2,
    0x087B, 0x084B, 0x084B, 0x0827, 0x083E, 0x086F, 0x0870, 0x0895, 0x08D1, 0x08E8, 0x0911, 0x0927,
    0x0910, 0x08FA, 0x08D5, 0x08AA, 0x086C, 0x0828, 0x07C5, 0x075F, 0x06D8, 0x0669, 0x05F5, 0x0577,
    0x0523, 0x04CC, 0x047B, 0x045C, 0x045E, 0x046B, 0x04A6, 0x04D7, 0x0505, 0x0532, 0x0559, 0x0595,
    0x05CE, 0x0604, 0x064B, 0x0685, 0x06C3, 0x071E, 0x076D, 0x07C7, 0x082D, 0x0882, 0x08D8, 0x092C,
    0x097B, 0x09BF, 0x09FC, 0x0A2C, 0x0A50, 0x0A5A, 0x0A64, 0x0A63, 0x0A62, 0x0A54, 0x0A40, 0x0A17,
    0x09F1, 0x09D7, 0x09BB, 0x09A8, 0x099E, 0x0987, 0x0969, 0x0959, 0x093C, 0x0912, 0x08F7, 0x08FB,
    0x0914, 0x0916, 0x0909, 0x08C1, 0x083F, 0x07F6, 0x07CA, 0x0791, 0x079B, 0x0793, 0x0774, 0x0789,
    0x07AD, 0x07C6, 0x081F, 0x0864, 0x088B, 0x08B8, 0x08B6, 0x0899, 0x0872, 0x0832, 0x07E5, 0x078D,
    0x0713, 0x069C, 0x0621, 0x05AE, 0x0555, 0x04FB, 0x04B1, 0x0488, 0x046C, 0x0476, 0x04A3, 0x04D3,
    0x050F, 0x0556, 0x058F, 0x05CF, 0x0615, 0x065E, 0x06A4, 0x06F9, 0x0747, 0x0787, 0x07C1, 0x0800,
    0x083C, 0x088B, 0x08D8, 0x091B, 0x0957, 0x099B, 0x09D9, 0x0A10, 0x0A42, 0x0A71, 0x0A95, 0x0AAF,
    0x0ABC, 0x0ABB, 0x0AA4, 0x0A8D, 0x0A6B, 0x0A3D, 0x0A08, 0x09D7, 0x099B, 0x0962, 0x093B, 0x0917,
    0x08E9, 0x08CD, 0x08B4, 0x08A2, 0x088E, 0x087A, 0x0869, 0x0864, 0x0874, 0x089D, 0x08AA, 0x0878,
    0x0835, 0x07EA, 0x07A1, 0x0771, 0x0747, 0x0710, 0x06ED, 0x06D8, 0x06CE, 0x06E3, 0x0714, 0x0755,
    0x0798, 0x07D2, 0x07FF, 0x081F, 0x082F, 0x0836, 0x0822, 0x07EE, 0x07A1, 0x0733, 0x06BA, 0x064A,
    0x05E4, 0x058A, 0x053A, 0x04F3, 0x04C5, 0x04B1, 0x04B6, 0x04DD, 0x051F, 0x0567, 0x05BC, 0x061C,
    0x0675, 0x06C9, 0x071F, 0x0767, 0x07A1, 0x07DF, 0x081B, 0x084F, 0x088D, 0x08C8, 0x08F8, 0x0925,
    0x0958, 0x098D, 0x09C1, 0x09FF, 0x0A3C, 0x0A62, 0x0A8C, 0x0AB3, 0x0ABF, 0x0AC8, 0x0ACE, 0x0AB1,
    0x0AA1, 0x0A8B, 0x0A61, 0x0A41, 0x0A1A, 0x09E2, 0x09B2, 0x0983, 0x0946, 0x0916, 0x08E8, 0x08B4,
    0x0882, 0x084A, 0x0816, 0x07E8, 0x07C0, 0x079F, 0x0781, 0x0767, 0x075D, 0x074E, 0x0738, 0x0730,
    0x071D, 0x070A, 0x0710, 0x070F, 0x0702, 0x0704, 0x06F5, 0x06D3, 0x06C8, 0x06B0, 0x0698, 0x0690,
    0x0685, 0x0683, 0x0696, 0x06AA, 0x06C1, 0x06DB, 0x06F2, 0x0714, 0x0738, 0x0756, 0x076C, 0x0774,
    0x0772, 0x076D, 0x0760, 0x0754, 0x0749, 0x0736, 0x0720, 0x0706, 0x06EA, 0x06D4, 0x06C8, 0x06C3,
    0x06CE, 0x06E7, 0x0704, 0x072A, 0x0757, 0x0784, 0x07B9, 0x07F2, 0x0825, 0x085A, 0x088D, 0x08BF,
    0x08F3, 0x092A, 0x095F, 0x0991, 0x09C2, 0x09EF, 0x0A13, 0x0A37, 0x0A59, 0x0A7A, 0x0A92, 0x0AA2,
    0x0AA3, 0x0A97, 0x0A82, 0x0A67, 0x0A46, 0x0A1B, 0x09E9, 0x09B3, 0x0975, 0x0937, 0x08FD, 0x08BE,
    0x0885, 0x0851, 0x081F, 0x07F3, 0x07CD, 0x07AB, 0x078D, 0x076D, 0x074E, 0x0733, 0x071A, 0x06FF,
    0x06E4, 0x06C6, 0x06AB, 0x069C, 0x0692, 0x0688, 0x067E, 0x0670, 0x0667, 0x0662, 0x0661, 0x0667,
    0x0670, 0x0675, 0x067E, 0x068A, 0x0695, 0x06A2, 0x06AF, 0x06BC, 0x06CE, 0x06E2, 0x06F7, 0x070E,
    0x0726, 0x073F, 0x0758, 0x0771, 0x078A, 0x07A5, 0x07BF, 0x07D8, 0x07F4, 0x080C, 0x0822, 0x0838,
    0x0849, 0x085B, 0x086E, 0x0880, 0x0890, 0x08A1, 0x08AD, 0x08B5, 0x08BC, 0x08C3, 0x08CC, 0x08D3,
    0x08DB, 0x08E3, 0x08E9, 0x08EE, 0x08F3, 0x08F8, 0x08F8, 0x08F7, 0x08F7, 0x08F4, 0x08F2, 0x08F1,
    0x08EF, 0x08EC, 0x08E7, 0x08E2, 0x08DC, 0x08D2, 0x08C6, 0x08B9, 0x08AB, 0x089D, 0x0890, 0x0887,
    0x087E, 0x0875, 0x086C, 0x0863, 0x0859, 0x084E, 0x0840, 0x0831, 0x0820, 0x080D, 0x07FA, 0x07E7,
    0x07D3, 0x07C3, 0x07B1, 0x079C, 0x0789, 0x0775, 0x0761, 0x0754, 0x074A, 0x0741, 0x0739, 0x0730,
    0x0729, 0x0723, 0x0720, 0x071E, 0x071C, 0x0719, 0x0716, 0x0714, 0x0713, 0x0715, 0x0717, 0x0719,
    0x071E, 0x0725, 0x072D, 0x0738, 0x0748, 0x0759, 0x0769, 0x0779, 0x078A, 0x079B, 0x07AC, 0x07BD,
    0x07CC, 0x07DC, 0x07EC, 0x07FA, 0x0808, 0x0817, 0x0825, 0x0830, 0x083A, 0x0845, 0x0851, 0x085D,
    0x0867, 0x086D, 0x0871, 0x0874, 0x0877, 0x0878, 0x0879, 0x0879, 0x087E, 0x0887, 0x088E, 0x0890,
    0x088D, 0x0889, 0x0887, 0x088A, 0x088F, 0x0890, 0x088D, 0x088A, 0x088B, 0x088C, 0x088B, 0x0880,
    0x086E, 0x0864, 0x0863, 0x0868, 0x0867, 0x085F, 0x0851, 0x0846, 0x0843, 0x0844, 0x083F, 0x0832,
    0x0821, 0x0815, 0x0810, 0x080B, 0x07FD, 0x07EA, 0x07DD, 0x07DB, 0x07DF, 0x07DF, 0x07D3, 0x07BC,
    0x07AB, 0x07AA, 0x07B7, 0x07BD, 0x07B0, 0x079E, 0x0798, 0x07A2, 0x07B2, 0x07BA, 0x07BA, 0x07B6,
    0x07B5, 0x07B4, 0x07B4, 0x07B9, 0x07BD, 0x07C3, 0x07C5, 0x07BE, 0x07B9, 0x07BF, 0x07CB, 0x07CD,
    0x07C0, 0x07B2, 0x07B5, 0x07C9, 0x07E2, 0x07F6, 0x07FE, 0x07F8, 0x07F9, 0x07F4, 0x07D4, 0x07B9,
    0x07C5, 0x07DB, 0x07E9, 0x07F6, 0x07EC, 0x07D2, 0x07B3, 0x07B8, 0x07FD, 0x0833, 0x07F5, 0x07AC,
    0x07B5, 0x07D2, 0x080A, 0x0856, 0x0879, 0x0876, 0x084E, 0x082E, 0x084C, 0x0885, 0x087D, 0x0832,
    0x07CD, 0x07AC, 0x07E2, 0x0832, 0x083F, 0x080A, 0x07EF, 0x07EB, 0x0820, 0x084C, 0x084B, 0x082C,
    0x084C, 0x0874, 0x0876, 0x0868, 0x084F, 0x0842, 0x0809, 0x07E2, 0x0810, 0x082D, 0x0812, 0x07C8,
    0x07BB, 0x081C, 0x083A, 0x083B, 0x0829, 0x0813, 0x0815, 0x082D, 0x0855, 0x0869, 0x0818, 0x07C6,
    0x07C2, 0x0814, 0x081E, 0x07F9, 0x07A7, 0x07C4, 0x07EC, 0x07C9, 0x07A9, 0x07F7, 0x081D, 0x07E1,
    0x0779, 0x0796, 0x07D9, 0x07F1, 0x07EA, 0x07F6, 0x07D3, 0x07A2, 0x0806, 0x0813, 0x07F9, 0x07E5,
    0x07FB, 0x07FC, 0x07FC, 0x07F5, 0x07E7, 0x07C6, 0x07B7, 0x07D8, 0x07E6, 0x07E7, 0x07CA, 0x07C2,
    0x07D8, 0x0823, 0x0845, 0x0817, 0x07F0, 0x07EE, 0x07E6, 0x0828, 0x0813, 0x07F7, 0x07F6, 0x07C4,
    0x07CE, 0x0804, 0x0829, 0x0811, 0x07B0, 0x079C, 0x0818, 0x086F, 0x084F, 0x0820, 0x07F8, 0x07D9,
    0x0818, 0x0893, 0x0866, 0x07CA, 0x07AF, 0x0812, 0x083E, 0x0842, 0x07E6, 0x084C, 0x087D, 0x0832,
    0x082B, 0x082D, 0x0848, 0x084B, 0x0828, 0x0806, 0x080B, 0x07E0, 0x081A, 0x086A, 0x0843, 0x07DF,
    0x07DA, 0x07E4, 0x081B, 0x0849, 0x0850, 0x0801, 0x07AC, 0x07D5, 0x084C, 0x0820, 0x07EC, 0x07E3,
    0x07DF, 0x080C, 0x07F3, 0x07CA, 0x07A8, 0x07E8, 0x07F5, 0x07B1, 0x078E, 0x07B9, 0x07E8, 0x07B9,
    0x079B, 0x07CB, 0x07CF, 0x07C3, 0x07AD, 0x0802, 0x0821, 0x07FC, 0x07B7, 0x07B3, 0x07DD, 0x07DC,
    0x07FA, 0x07C7, 0x0791, 0x078A, 0x07B5, 0x080E, 0x0830, 0x07CB, 0x07B9, 0x0822, 0x081D, 0x083B,
    0x086F, 0x0848, 0x0809, 0x07BA, 0x07EB, 0x0824, 0x0843, 0x085D, 0x0803, 0x07B3, 0x0801, 0x0849,
    0x0865, 0x085D, 0x0834, 0x0817, 0x0853, 0x0861, 0x0829, 0x083C, 0x0842, 0x0828, 0x07FE, 0x0818,
    0x0810, 0x0805, 0x080E, 0x083A, 0x0850, 0x084A, 0x0819, 0x07F0, 0x0815, 0x0872, 0x085A, 0x0833,
    0x07FE, 0x07D9, 0x07C8, 0x0800, 0x0825, 0x0842, 0x07F0, 0x0792, 0x07A4, 0x07EB, 0x0836, 0x085E,
    0x0804, 0x07A1, 0x0786, 0x07DA, 0x07FA, 0x07F1, 0x0801, 0x07A6, 0x0783, 0x07A8, 0x07D1, 0x07E8,
    0x0809, 0x07F8, 0x07AE, 0x07A2, 0x07F4, 0x082E, 0x081C, 0x07FC, 0x07EB, 0x07FA, 0x07EA, 0x07F4,
    0x07F1, 0x07D9, 0x07BB, 0x07EE, 0x07EA, 0x07D3, 0x07D6, 0x07B2, 0x07C6, 0x0820, 0x0840, 0x083E,
    0x07D9, 0x07DD, 0x0807, 0x0846, 0x084B, 0x0816, 0x0809, 0x07DF, 0x07AA, 0x07E4, 0x0814, 0x083F,
    0x081D, 0x07F7, 0x07F6, 0x07F3, 0x0801, 0x0826, 0x084C, 0x082C, 0x0824, 0x07FD, 0x07E9, 0x07FE,
    0x082E, 0x084F, 0x0806, 0x07D3, 0x07DE, 0x07F0, 0x07E1, 0x07FB, 0x082C, 0x0825, 0x0807, 0x07DB,
    0x07B5, 0x07F6, 0x082C, 0x0830, 0x080A, 0x07D7, 0x07DE, 0x07FC, 0x0807, 0x0803, 0x0812, 0x0819,
    0x0805, 0x080C, 0x081B, 0x082A, 0x0839, 0x082E, 0x080E, 0x0808, 0x0809, 0x080E, 0x0829, 0x0826,
    0x080A, 0x0801, 0x07FF, 0x0816, 0x0830, 0x0823, 0x080E, 0x0804, 0x0824, 0x083B, 0x083D, 0x0813,
    0x07D8, 0x07CD, 0x07EA, 0x0818, 0x081A, 0x07FB, 0x07E4, 0x07E3, 0x07EA, 0x07EE, 0x0801, 0x080B,
    0x0808, 0x07E8, 0x07C4, 0x07C5, 0x07EF, 0x0823, 0x0818, 0x07E0, 0x07C0, 0x07B7, 0x07C7, 0x07E0,
    0x07E8, 0x07D9, 0x07CB, 0x07BD, 0x07B5, 0x07CD, 0x07D9, 0x07DD, 0x07E2, 0x07E3, 0x07E3, 0x07EC,
    0x07F2, 0x0801, 0x07F8, 0x07D5, 0x07C2, 0x07BE, 0x07C1, 0x07DE, 0x07EE, 0x07EF, 0x07EF, 0x07EE,
    0x07E1, 0x07E2, 0x0803, 0x0825, 0x084C, 0x0858, 0x0848, 0x0838, 0x0827, 0x0828, 0x082E, 0x0841,
    0x084D, 0x0850, 0x0840, 0x0822, 0x081A, 0x0829, 0x0837, 0x0851, 0x085B, 0x0862, 0x085D, 0x0846,
    0x0830, 0x0826, 0x081F, 0x080E, 0x07F4, 0x07EC, 0x07F8, 0x07FF, 0x07F9, 0x07EE, 0x07F6, 0x07FE,
    0x07FE, 0x07ED, 0x07E1, 0x07DB, 0x07E1, 0x07F1, 0x07F8, 0x07E5, 0x07BA, 0x07A4, 0x07B2, 0x07D9,
    0x07F2, 0x07EE, 0x07D7, 0x07BD, 0x07BE, 0x07CC, 0x07E7, 0x080B, 0x0821, 0x0814, 0x07F5, 0x07D1,
    0x07CE, 0x07DC, 0x07F5, 0x0808, 0x0808, 0x07F9, 0x07ED, 0x07EA, 0x07FD, 0x0817, 0x0827, 0x0828,
    0x0820, 0x0819, 0x081C, 0x0818, 0x0810, 0x081A, 0x0822, 0x080E, 0x07F1, 0x07D3, 0x07CE, 0x07DC,
    0x07F2, 0x0800, 0x080E, 0x0818, 0x0812, 0x07FE, 0x07FB, 0x07FC, 0x0806, 0x0802, 0x07F0, 0x07E1,
    0x07DE, 0x07EC, 0x07F9, 0x0800, 0x07FE, 0x07F7, 0x07F4, 0x07F9, 0x0801, 0x0803, 0x0811, 0x081B,
    0x0824, 0x0817, 0x07FF, 0x07EB, 0x07E4, 0x07F3, 0x0805, 0x0819, 0x0827, 0x081D, 0x080A, 0x0800,
    0x0802, 0x0803, 0x0810, 0x0814, 0x0822, 0x0828, 0x0821, 0x0818, 0x080F, 0x080B, 0x0808, 0x0810,
    0x0812, 0x080A, 0x0806, 0x0803, 0x080D, 0x081B, 0x082E, 0x0834, 0x0825, 0x0811, 0x07FE, 0x07F9,
    0x0800, 0x080B, 0x080F, 0x0804, 0x07F6, 0x07F3, 0x0800, 0x0807, 0x0808, 0x07F9, 0x07E2, 0x07DC,
    0x07D5, 0x07D6, 0x07DF, 0x07E3, 0x07E9, 0x07E2, 0x07D3, 0x07C2, 0x07CE, 0x07DD, 0x07E4, 0x07EC,
    0x07E4, 0x07DE, 0x07DC, 0x07E1, 0x07E3, 0x07DA, 0x07CF, 0x07C2, 0x07D0, 0x07F2, 0x0810, 0x081F,
    0x0818, 0x0809, 0x07F9, 0x07E5, 0x07E4, 0x07F0, 0x0800, 0x080F, 0x0816, 0x080F, 0x0806, 0x080B,
    0x0810, 0x0817, 0x0816, 0x0803, 0x07FA, 0x07F3, 0x0800, 0x080E, 0x0817, 0x0818, 0x080B, 0x080B,
    0x0808, 0x0808, 0x0808, 0x0803, 0x080F, 0x081D, 0x082E, 0x0831, 0x0830, 0x0829, 0x0815, 0x0806,
    0x07F7, 0x07FB, 0x080F, 0x081C, 0x0819, 0x080C, 0x080D, 0x0811, 0x0829, 0x0837, 0x0833, 0x081F,
    0x0808, 0x07FE, 0x07FE, 0x0810, 0x081D, 0x0822, 0x0813, 0x07F2, 0x07D3, 0x07BE, 0x07CB, 0x07EE,
    0x080C, 0x081B, 0x0819, 0x0806, 0x07F4, 0x07F1, 0x07F7, 0x07FA, 0x07F9, 0x07EF, 0x07DB, 0x07C6,
    0x07BD, 0x07BF, 0x07CE, 0x07E0, 0x07EC, 0x07F2, 0x07F7, 0x0802, 0x0806, 0x0805, 0x07FF, 0x07E7,
    0x07D3, 0x07CF, 0x07DC, 0x07F3, 0x0808, 0x0818, 0x081E, 0x0810, 0x07FF, 0x07F7, 0x07F9, 0x07FE,
    0x0804, 0x0804, 0x0804, 0x080D, 0x080C, 0x0810, 0x0812, 0x081A, 0x0818, 0x080A, 0x07FB, 0x07EF,
    0x07EF, 0x07FA, 0x080B, 0x081B, 0x0818, 0x0813, 0x0808, 0x0806, 0x080B, 0x080F, 0x0814, 0x080E,
    0x080B, 0x0807, 0x0802, 0x07FB, 0x07F7, 0x07FF, 0x0802, 0x0809, 0x0808, 0x07FA, 0x07F1, 0x07F1,
    0x07EF, 0x07E9, 0x07E8, 0x07EC, 0x07EF, 0x07F5, 0x07F6, 0x07F0, 0x07EC, 0x07EB, 0x07F2, 0x0800,
    0x0814, 0x0824, 0x0821, 0x080C, 0x07F2, 0x07DC, 0x07D6, 0x07E1, 0x07FC, 0x0814, 0x081A, 0x080F,
    0x07FD, 0x07F3, 0x0801, 0x0815, 0x0824, 0x0820, 0x0808, 0x07FD, 0x07FD, 0x0805, 0x082D, 0x0851,
    0x0858, 0x085F, 0x083C, 0x0800, 0x07D8, 0x07B8, 0x07BE, 0x07CF, 0x07C6, 0x07B8, 0x07BE, 0x07A2,
    0x07A0, 0x07E2, 0x0823, 0x0874, 0x08AB, 0x08AC, 0x0891, 0x0880, 0x0874, 0x0864, 0x0860, 0x0824,
    0x07C3, 0x0769, 0x0722, 0x0728, 0x0760, 0x0792, 0x0790, 0x0759, 0x071E, 0x0717, 0x0748, 0x07A5,
    0x07F7, 0x07E9, 0x07A9, 0x0772, 0x0753, 0x0771, 0x07AD, 0x07C6, 0x07B4, 0x07B2, 0x0841, 0x0955,
    0x0A38, 0x0A8D, 0x0A4C, 0x0980, 0x08D4, 0x088C, 0x0860, 0x0865, 0x085E, 0x0827, 0x0812, 0x085E,
    0x08D4, 0x0936, 0x0948, 0x08D1, 0x082A, 0x07AF, 0x0772, 0x075B, 0x0742, 0x0737, 0x0732, 0x0769,
    0x07C4, 0x0808, 0x0817, 0x07D5, 0x0760, 0x06E4, 0x0689, 0x0666, 0x0675, 0x0695, 0x06BF, 0x06FB,
    0x0740, 0x0773, 0x0795, 0x079E, 0x079C, 0x07A3, 0x07AF, 0x07AC, 0x07A6, 0x079E, 0x07A8, 0x07DE,
    0x0833, 0x0884, 0x08B6, 0x08BB, 0x089B, 0x087B, 0x0866, 0x0855, 0x084D, 0x0853, 0x0866, 0x088E,
    0x08AF, 0x08C2, 0x08C7, 0x08B0, 0x08AB, 0x08BB, 0x08CC, 0x08BD, 0x0893, 0x0852, 0x0826, 0x0835,
    0x0846, 0x0866, 0x0874, 0x0876, 0x084D, 0x0828, 0x0859, 0x089B, 0x08E1, 0x084F, 0x0734, 0x0611,
    0x0593, 0x06F9, 0x0862, 0x08FA, 0x0962, 0x0967, 0x098E, 0x09D4, 0x09D6, 0x08F9, 0x07BD, 0x06B8,
    0x0617, 0x065F, 0x06F5, 0x0784, 0x07B0, 0x0778, 0x0757, 0x076F, 0x078E, 0x0734, 0x0699, 0x05B5,
    0x051E, 0x055B, 0x05F7, 0x06A5, 0x0737, 0x078C, 0x07C7, 0x0838, 0x0886, 0x084D, 0x07D1, 0x072D,
    0x06C9, 0x0701, 0x079B, 0x0839, 0x08E5, 0x0962, 0x09AC, 0x09FC, 0x0A10, 0x09C7, 0x0930, 0x08A1,
    0x0853, 0x084C, 0x0899, 0x08F4, 0x0968, 0x09D6, 0x0A20, 0x0A3D, 0x0A19, 0x099E, 0x08F3, 0x0866,
    0x0802, 0x07E0, 0x0805, 0x0834, 0x087A, 0x08C4, 0x08BE, 0x0882, 0x0837, 0x07EE, 0x07B4, 0x0787,
    0x0753, 0x0713, 0x06EC, 0x06EA, 0x070B, 0x0730, 0x0732, 0x071B, 0x06F8, 0x06D1, 0x06C2, 0x06B8,
    0x06B4, 0x06C8, 0x06DE, 0x06FE, 0x0719, 0x073B, 0x075A, 0x076B, 0x0783, 0x0793, 0x077F, 0x076B,
    0x076E, 0x076E, 0x078B, 0x079B, 0x07BE, 0x07EB, 0x07B1, 0x07F4, 0x08B5, 0x08B8, 0x0832, 0x070B,
    0x05F7, 0x062D, 0x077B, 0x08DC, 0x0986, 0x098F, 0x0935, 0x0988, 0x09E6, 0x09E3, 0x0929, 0x07FB,
    0x073A, 0x0772, 0x0856, 0x0913, 0x093E, 0x08C1, 0x0885, 0x08BB, 0x08DF, 0x08A9, 0x07F5, 0x0701,
    0x0684, 0x06EC, 0x078F, 0x081D, 0x0831, 0x081C, 0x085E, 0x08B9, 0x08E9, 0x08A8, 0x07F7, 0x076B,
    0x0788, 0x07DE, 0x0813, 0x0861, 0x089C, 0x08C6, 0x091D, 0x0944, 0x093C, 0x08F2, 0x08AD, 0x0863,
    0x083C, 0x0822, 0x083F, 0x0869, 0x088B, 0x08B8, 0x08DB, 0x08D0, 0x0892, 0x086E, 0x0841, 0x0803,
    0x07FB, 0x07CB, 0x07AA, 0x07C9, 0x07CC, 0x07D0, 0x07B3, 0x077E, 0x075D, 0x072E, 0x06EB, 0x06BA,
    0x06B4, 0x06BD, 0x06B6, 0x06AC, 0x0691, 0x0683, 0x06A1, 0x06C1, 0x06DD, 0x06EB, 0x06FA, 0x0713,
    0x0737, 0x0742, 0x0748, 0x075E, 0x076F, 0x0786, 0x07A5, 0x07B2, 0x07B3, 0x07B4, 0x07D2, 0x07FD,
    0x0836, 0x082A, 0x0861, 0x0886, 0x08C9, 0x08FD, 0x0779, 0x063C, 0x0644, 0x078D, 0x08F2, 0x09AC,
    0x09A6, 0x09B9, 0x0A68, 0x0ABF, 0x0A80, 0x0974, 0x083C, 0x07CF, 0x0812, 0x0859, 0x0876, 0x083F,
    0x0845, 0x08C9, 0x096B, 0x0948, 0x089B, 0x07A3, 0x06EC, 0x06ED, 0x06FF, 0x06E1, 0x06C0, 0x06ED,
    0x0789, 0x0877, 0x08E4, 0x08A9, 0x083D, 0x07C9, 0x07B1, 0x07AB, 0x0785, 0x0767, 0x075E, 0x07C1,
    0x085F, 0x08D4, 0x0912, 0x0924, 0x0920, 0x0920, 0x0927, 0x08FA, 0x08AF, 0x085A, 0x0816, 0x0820,
    0x0852, 0x088F, 0x08AF, 0x08D5, 0x08E4, 0x0910, 0x0902, 0x089B, 0x083F, 0x07D8, 0x0799, 0x07A0,
    0x07A5, 0x07A6, 0x07B2, 0x07B2, 0x07CC, 0x07B8, 0x077D, 0x0726, 0x06CF, 0x0686, 0x0671, 0x0663,
    0x0656, 0x065B, 0x0668, 0x069A, 0x06D6, 0x06F7, 0x06FA, 0x0705, 0x0716, 0x073F, 0x0754, 0x0740,
    0x076D, 0x07AB, 0x07DD, 0x07EB, 0x07DA, 0x07C8, 0x07F8, 0x07ED, 0x088A, 0x07CF, 0x064B, 0x0659,
    0x06E4, 0x07FA, 0x087B, 0x08BF, 0x08E2, 0x0A19, 0x0AD7, 0x0B16, 0x0A76, 0x0990, 0x093C, 0x0941,
    0x08F2, 0x0850, 0x07B6, 0x0781, 0x0822, 0x089E, 0x086A, 0x07EE, 0x0783, 0x0764, 0x079C, 0x075C,
    0x06BC, 0x0656, 0x066E, 0x06F9, 0x077A, 0x0799, 0x077D, 0x07B4, 0x080E, 0x0871, 0x084D, 0x07FB,
    0x07FB, 0x080E, 0x0830, 0x0846, 0x0822, 0x0867, 0x08AC, 0x0933, 0x0956, 0x095E, 0x0972, 0x09BB,
    0x09A8, 0x0998, 0x0984, 0x0954, 0x093D, 0x093C, 0x08F2, 0x08B7, 0x08A3, 0x08A4, 0x08AA, 0x08AC,
    0x08AC, 0x08C1, 0x08CE, 0x08B0, 0x088E, 0x0829, 0x07D9, 0x0790, 0x0746, 0x06EB, 0x06B3, 0x0684,
    0x067C, 0x0681, 0x0675, 0x0661, 0x0670, 0x067E, 0x068B, 0x069B, 0x069D, 0x06B0, 0x06C7, 0x06D0,
    0x06EE, 0x0713, 0x071E, 0x0726, 0x0737, 0x074D, 0x0785, 0x079D, 0x07B3, 0x0775, 0x06FC, 0x06FD,
    0x0715, 0x0724, 0x0718, 0x0749, 0x0782, 0x082B, 0x08B3, 0x0902, 0x092B, 0x0963, 0x09A2, 0x09DE,
    0x09CB, 0x0976, 0x090F, 0x08C7, 0x08AE, 0x087F, 0x0816, 0x07AA, 0x0766, 0x073E, 0x0749, 0x0724,
    0x06DB, 0x06B9, 0x06D4, 0x0707, 0x0733, 0x0734, 0x0732, 0x076D, 0x07BC, 0x07F8, 0x0808, 0x0820,
    0x0856, 0x08A0, 0x08CF, 0x08EF, 0x08F6, 0x0934, 0x0952, 0x0989, 0x0991, 0x0994, 0x0996, 0x09CA,
    0x09D0, 0x09D4, 0x09D2, 0x09DE, 0x09E1, 0x09EE, 0x09CC, 0x09AB, 0x0984, 0x0964, 0x0946, 0x0913,
    0x08D8, 0x08B5, 0x089E, 0x086E, 0x0841, 0x07F4, 0x07AD, 0x0779, 0x0749, 0x0707, 0x06D6, 0x06A1,
    0x067B, 0x0674, 0x0661, 0x063B, 0x062F, 0x0623, 0x061C, 0x062E, 0x0641, 0x0652, 0x064A, 0x0659,
    0x0689, 0x069E, 0x06AE, 0x06DF, 0x06C1, 0x069A, 0x06D7, 0x06D7, 0x06B3, 0x06F4, 0x070A, 0x0723,
    0x078B, 0x07B1, 0x07DB, 0x0859, 0x08B4, 0x0904, 0x095A, 0x0976, 0x0982, 0x099F, 0x097F, 0x0966,
    0x0932, 0x08BF, 0x0874, 0x082E, 0x07C5, 0x0778, 0x0715, 0x06AF, 0x068C, 0x066B, 0x0650, 0x0658,
    0x064E, 0x0674, 0x06CB, 0x0704, 0x074B, 0x079D, 0x07C4, 0x083B, 0x08A5, 0x08C7, 0x08F1, 0x0940,
    0x0967, 0x099B, 0x09AE, 0x09AB, 0x09B4, 0x09DB, 0x09E8, 0x09F4, 0x09EA, 0x0A0A, 0x0A13, 0x0A24,
    0x0A2F, 0x0A1D, 0x0A0A, 0x0A20, 0x0A05, 0x09E0, 0x09B8, 0x0978, 0x0934, 0x090E, 0x08C3, 0x0873,
    0x0829, 0x07E6, 0x07A5, 0x0777, 0x073A, 0x0716, 0x06E4, 0x06BE, 0x06A5, 0x068E, 0x068D, 0x0692,
    0x067C, 0x067F, 0x0690, 0x06C4, 0x06F8, 0x06DA, 0x06AE, 0x06A8, 0x068A, 0x068B, 0x0693, 0x0623,
    0x0609, 0x0677, 0x068A, 0x06B1, 0x070D, 0x072A, 0x07AF, 0x0852, 0x088C, 0x08CC, 0x0907, 0x0905,
    0x0930, 0x093F, 0x08EE, 0x08A0, 0x0842, 0x07CD, 0x0796, 0x071A, 0x068F, 0x063C, 0x05E3, 0x05AC,
    0x05B9, 0x058C, 0x0585, 0x05B9, 0x05DB, 0x0627, 0x0685, 0x06B4, 0x0723, 0x0799, 0x07D5, 0x0842,
    0x08A5, 0x08DD, 0x093C, 0x0984, 0x0995, 0x09CD, 0x09FF, 0x0A21, 0x0A43, 0x0A58, 0x0A55, 0x0A7C,
    0x0AAB, 0x0AD9, 0x0ADC, 0x0ADA, 0x0AD0, 0x0AD7, 0x0AD5, 0x0AC3, 0x0A7C, 0x0A34, 0x09F4, 0x09B9,
    0x096F, 0x0931, 0x08C0, 0x0864, 0x0822, 0x07DE, 0x07A6, 0x077D, 0x0731, 0x0705, 0x06E7, 0x0708,
    0x072E, 0x071B, 0x0708, 0x06F4, 0x06B5, 0x06CD, 0x06E9, 0x0654, 0x0624, 0x065A, 0x0635, 0x0665,
    0x0699, 0x065D, 0x06BE, 0x0758, 0x07A1, 0x07FB, 0x0846, 0x085C, 0x089D, 0x08CF, 0x08BE, 0x0883,
    0x0828, 0x07CE, 0x0779, 0x06F8, 0x0684, 0x05FF, 0x0581, 0x0535, 0x0514, 0x04DC, 0x04C0, 0x04C2,
    0x04DB, 0x0520, 0x0584, 0x05C7, 0x0605, 0x0661, 0x06C7, 0x0732, 0x07AC, 0x07E4, 0x0814, 0x0861,
    0x08AE, 0x0913, 0x0975, 0x0990, 0x09C0, 0x0A04, 0x0A51, 0x0AA9, 0x0AD5, 0x0AD9, 0x0AFE, 0x0B21,
    0x0B4D, 0x0B56, 0x0B31, 0x0B07, 0x0AF1, 0x0AD4, 0x0A9F, 0x0A4E, 0x09F2, 0x09A8, 0x0958, 0x091D,
    0x08EE, 0x089C, 0x0859, 0x0862, 0x0856, 0x0843, 0x0858, 0x0810, 0x078C, 0x078A, 0x076D, 0x06FD,
    0x06E7, 0x06BC, 0x067F, 0x06CA, 0x06FA, 0x06DF, 0x0740, 0x078F, 0x07D0, 0x0860, 0x089C, 0x08B2,
    0x08F9, 0x090E, 0x091D, 0x0916, 0x08A2, 0x0825, 0x07B2, 0x071C, 0x06A8, 0x060B, 0x055F, 0x0503,
    0x04B4, 0x046F, 0x044C, 0x0418, 0x03FA, 0x041E, 0x044D, 0x0485, 0x04BE, 0x0503, 0x0551, 0x05BE,
    0x062D, 0x0695, 0x06E2, 0x073A, 0x0793, 0x07F7, 0x0858, 0x08AF, 0x08EF, 0x0949, 0x0997, 0x09E4,
    0x0A1E, 0x0A46, 0x0A6B, 0x0A8C, 0x0AA8, 0x0ABF, 0x0AB7, 0x0AB3, 0x0AA2, 0x0A7E, 0x0A58, 0x0A3D,
    0x0A0F, 0x09DA, 0x09A3, 0x0984, 0x096D, 0x096A, 0x0971, 0x092D, 0x08D9, 0x08CB, 0x089B, 0x0865,
    0x084E, 0x0813, 0x0816, 0x0852, 0x086F, 0x0886, 0x08BC, 0x08EF, 0x093E, 0x0990, 0x09B7, 0x09C9,
    0x09CB, 0x09BF, 0x09B0, 0x0977, 0x0911, 0x088F, 0x07FF, 0x076B, 0x06E2, 0x063F, 0x05A1, 0x0513,
    0x04A1, 0x043F, 0x03FA, 0x03C6, 0x039E, 0x0396, 0x03B2, 0x03DF, 0x041A, 0x044A, 0x0472, 0x04B8,
    0x051A, 0x057B, 0x05E6, 0x063D, 0x069E, 0x0724, 0x07A5, 0x0816, 0x0878, 0x08C0, 0x090F, 0x0967,
    0x09A5, 0x09BF, 0x09CA, 0x09C9, 0x09D1, 0x09D7, 0x09B9, 0x0992, 0x0986, 0x097B, 0x096E, 0x0964,
    0x0958, 0x0964, 0x0983, 0x09A3, 0x09B2, 0x09A2, 0x099C, 0x0993, 0x0962, 0x0948, 0x0931, 0x0911,
    0x092D, 0x0958, 0x0966, 0x09A5, 0x09EF, 0x0A29, 0x0A7F, 0x0ABD, 0x0ACC, 0x0ADE, 0x0AD1, 0x0AA7,
    0x0A63, 0x09ED, 0x0957, 0x08B1, 0x07FF, 0x074D, 0x0694, 0x05D9, 0x0535, 0x049C, 0x0426, 0x03D7,
    0x0396, 0x0372, 0x036F, 0x0381, 0x03B6, 0x03F8, 0x0431, 0x0475, 0x04C3, 0x0516, 0x0579, 0x05E4,
    0x064C, 0x06BA, 0x072D, 0x079D, 0x07FF, 0x084F, 0x0899, 0x08D8, 0x090D, 0x0936, 0x0944, 0x0949,
    0x0950, 0x0947, 0x0936, 0x091C, 0x08F6, 0x08DA, 0x08C8, 0x08B0, 0x08A8, 0x08AA, 0x08A9, 0x08B8,
    0x08BB, 0x08B3, 0x08C4, 0x08DE, 0x08F8, 0x0930, 0x0975, 0x09B6, 0x0A04, 0x0A56, 0x0AA5, 0x0AFB,
    0x0B40, 0x0B66, 0x0B84, 0x0B94, 0x0B86, 0x0B52, 0x0AF5, 0x0A7D, 0x09E9, 0x0939, 0x087A, 0x07AB,
    0x06E2, 0x0634, 0x059B, 0x0513, 0x04A8, 0x044F, 0x0412, 0x03F5, 0x03EE, 0x03F7, 0x0414, 0x0441,
    0x047E, 0x04CA, 0x0519, 0x056A, 0x05CD, 0x0631, 0x0697, 0x06FE, 0x0756, 0x07A7, 0x07FC, 0x0841,
    0x0875, 0x08A3, 0x08C2, 0x08DA, 0x08EB, 0x08E5, 0x08CE, 0x08B1, 0x088E, 0x086F, 0x0854, 0x0836,
    0x0824, 0x0828, 0x0839, 0x0852, 0x0868, 0x087E, 0x08A7, 0x08DA, 0x090F, 0x0951, 0x0996, 0x09E1,
    0x0A35, 0x0A7D, 0x0AB7, 0x0AED, 0x0B1D, 0x0B35, 0x0B46, 0x0B3E, 0x0B17, 0x0AD9, 0x0A7E, 0x0A0A,
    0x0983, 0x08E6, 0x0838, 0x0787, 0x06DF, 0x0646, 0x05BA, 0x0540, 0x04DB, 0x048F, 0x0460, 0x044B,
    0x0448, 0x0455, 0x0477, 0x04AE, 0x04F1, 0x053C, 0x0592, 0x05EB, 0x064B, 0x06AD, 0x0703, 0x0753,
    0x07A0, 0x07E5, 0x0827, 0x085B, 0x0889, 0x08AE, 0x08C9, 0x08E2, 0x08EE, 0x08E4, 0x08DA, 0x08C8,
    0x08AE, 0x08A1, 0x0894, 0x0880, 0x087D, 0x087E, 0x0881, 0x0896, 0x08A8, 0x08CC, 0x0906, 0x0942,
    0x0981, 0x09D1, 0x0A1A, 0x0A65, 0x0AA4, 0x0ACD, 0x0AEE, 0x0B09, 0x0B05, 0x0AEC, 0x0AB9, 0x0A6B,
    0x0A09, 0x0995, 0x090A, 0x0876, 0x07D6, 0x0735, 0x069D, 0x0609, 0x0589, 0x0520, 0x04C9, 0x048F,
    0x046E, 0x045F, 0x0463, 0x047C, 0x04A4, 0x04DD, 0x0520, 0x056D, 0x05BC, 0x060F, 0x0661, 0x06B1,
    0x0700, 0x074E, 0x0795, 0x07D6, 0x080C, 0x083C, 0x0869, 0x088A, 0x08A4, 0x08B6, 0x08C4, 0x08D4,
    0x08DC, 0x08DF, 0x08E9, 0x08F3, 0x08FB, 0x090B, 0x091B, 0x0927, 0x0937, 0x094C, 0x0965, 0x0980,
    0x099B, 0x09BA, 0x09D8, 0x09F5, 0x0A12, 0x0A23, 0x0A33, 0x0A43, 0x0A3B, 0x0A29, 0x0A15, 0x09E8,
    0x09B2, 0x0979, 0x092A, 0x08D0, 0x0879, 0x0812, 0x07A7, 0x0740, 0x06D8, 0x0673, 0x061D, 0x05CE,
    0x058B, 0x055B, 0x053A, 0x0526, 0x0524, 0x0528, 0x0537, 0x0552, 0x0578, 0x05A4, 0x05D5, 0x060D,
    0x0645, 0x067D, 0x06B9, 0x06F6, 0x0732, 0x0773, 0x07B1, 0x07EC, 0x0821, 0x0855, 0x0883, 0x08AC,
    0x08D2, 0x08EF, 0x0905, 0x0921, 0x0933, 0x0941, 0x094F, 0x0959, 0x095E, 0x0966, 0x096E, 0x0971,
    0x0975, 0x0975, 0x0973, 0x0977, 0x0970, 0x096C, 0x096A, 0x095D, 0x0956, 0x0948, 0x093B, 0x0922,
    0x090C, 0x08E9, 0x08C1, 0x0896, 0x0869, 0x0835, 0x0805, 0x07CF, 0x079B, 0x0768, 0x0739, 0x0707,
    0x06DE, 0x06BA, 0x069B, 0x0683, 0x0671, 0x0666, 0x065F, 0x065F, 0x0664, 0x0671, 0x0680, 0x0695,
    0x06AE, 0x06C7, 0x06E4, 0x0704, 0x071F, 0x073F, 0x075C, 0x077F, 0x079E, 0x07BC, 0x07DF, 0x07FE,
    0x081B, 0x0835, 0x084C, 0x0869, 0x087E, 0x0898, 0x08AE, 0x08BE, 0x08C6, 0x08C9, 0x08D1, 0x08D9,
    0x08E8, 0x08F3, 0x08FD, 0x0906, 0x08FB, 0x08EE, 0x08E4, 0x08EC, 0x08E8, 0x08DC, 0x08C7, 0x08C0,
    0x08B8, 0x08AD, 0x088A, 0x0878, 0x0862, 0x085F, 0x0846, 0x0832, 0x080D, 0x07FB, 0x07CD, 0x07C6,
    0x07AB, 0x07A3, 0x077F, 0x077F, 0x077A, 0x0779, 0x075A, 0x0760, 0x0747, 0x0751, 0x0748, 0x0756,
    0x0749, 0x075B, 0x0746, 0x0766, 0x0763, 0x0776, 0x0791, 0x0794, 0x076E, 0x07C5, 0x07C0, 0x07C5,
    0x07B3, 0x07B0, 0x0797, 0x0828, 0x0864, 0x082E, 0x07AE, 0x080C, 0x07EA, 0x0810, 0x0705, 0x073E,
    0x0756, 0x0779, 0x0801, 0x089B, 0x091F, 0x0908, 0x0903, 0x0929, 0x0923, 0x0924, 0x08CD, 0x08E8,
    0x08FF, 0x08C5, 0x086A, 0x0824, 0x07E1, 0x0797, 0x078A, 0x077B, 0x079C, 0x07B4, 0x07D7, 0x0831,
    0x0843, 0x086F, 0x0858, 0x085F, 0x0848, 0x086F, 0x086D, 0x087D, 0x085C, 0x0838, 0x0808, 0x07AB,
    0x0786, 0x0763, 0x0761, 0x076F, 0x0769, 0x077E, 0x0781, 0x07D1, 0x080B, 0x085A, 0x087B, 0x089E,
    0x0868, 0x082F, 0x07DC, 0x077A, 0x0700, 0x0693, 0x0640, 0x0612, 0x060A, 0x0646, 0x06B1, 0x075D,
    0x07FD, 0x08AE, 0x0946, 0x09E7, 0x0A3B, 0x0A77, 0x0A89, 0x0AA1, 0x0A4E, 0x09E1, 0x092D, 0x088C,
    0x07E7, 0x0788, 0x070A, 0x06BC, 0x0665, 0x0691, 0x06C3, 0x071D, 0x0736, 0x0753, 0x0752, 0x0779,
    0x0779, 0x0777, 0x0739, 0x072F, 0x0711, 0x06ED, 0x06D7, 0x06BE, 0x0670, 0x0645, 0x0611, 0x0608,
    0x0675, 0x0753, 0x0839, 0x089E, 0x07F7, 0x0715, 0x0684, 0x0679, 0x06CA, 0x0770, 0x0829, 0x0975,
    0x0B22, 0x0CD9, 0x0E15, 0x0E99, 0x0E64, 0x0DFD, 0x0D87, 0x0CBF, 0x0BD1, 0x0AB7, 0x098B, 0x08CF,
    0x0875, 0x081C, 0x07EA, 0x079E, 0x0737, 0x071A, 0x0717, 0x06BD, 0x0655, 0x0621, 0x05E3, 0x05C9,
    0x05C9, 0x0567, 0x0518, 0x0516, 0x04FF, 0x04E6, 0x04E9, 0x04B4, 0x0499, 0x04B6, 0x04A4, 0x0502,
    0x0540, 0x0558, 0x05A6, 0x05DE, 0x061F, 0x0745, 0x07B3, 0x0656, 0x0546, 0x0459, 0x0422, 0x0600,
    0x0777, 0x0900, 0x0B00, 0x0C8B, 0x0DC1, 0x0EBC, 0x0E94, 0x0D76, 0x0CA1, 0x0BCC, 0x0B37, 0x0B0C,
    0x0A9E, 0x09E2, 0x09D7, 0x09CA, 0x09D5, 0x09E6, 0x094D, 0x0883, 0x07E9, 0x075F, 0x06F2, 0x06B4,
    0x061E, 0x05F3, 0x0652, 0x0669, 0x069F, 0x06C7, 0x065C, 0x0622, 0x0631, 0x0615, 0x05E5, 0x05E9,
    0x05DA, 0x05DA, 0x0635, 0x0649, 0x0630, 0x0654, 0x0644, 0x06A5, 0x078B, 0x0782, 0x06AD, 0x05B8,
    0x04E1, 0x0538, 0x0706, 0x08D2, 0x0A66, 0x0C5E, 0x0CF2, 0x0D5A, 0x0DE4, 0x0D3A, 0x0CA6, 0x0C04,
    0x0B30, 0x0A64, 0x0A37, 0x0A28, 0x0A0C, 0x0A50, 0x0A0F, 0x096D, 0x0928, 0x0893, 0x07B1, 0x072C,
    0x0658, 0x0580, 0x054F, 0x0537, 0x0556, 0x05DA, 0x0623, 0x0632, 0x064B, 0x062C, 0x05DF, 0x05BF,
    0x056E, 0x055B, 0x0533, 0x051D, 0x0521, 0x0533, 0x0572, 0x05E1, 0x0619, 0x0657, 0x06B4, 0x0706,
    0x0781, 0x0765, 0x062F, 0x050D, 0x04B1, 0x055C, 0x0737, 0x09AA, 0x0BAA, 0x0D09, 0x0DC3, 0x0D65,
    0x0D21, 0x0CA5, 0x0BC9, 0x0B5F, 0x0AD9, 0x0A44, 0x0A54, 0x0AA2, 0x0AB8, 0x0B0D, 0x0AB6, 0x09E6,
    0x094A, 0x0888, 0x07B2, 0x0721, 0x0697, 0x05D1, 0x05D0, 0x0614, 0x063E, 0x06DA, 0x0732, 0x06F7,
    0x06D8, 0x06AB, 0x0620, 0x05F1, 0x05D6, 0x0569, 0x055C, 0x0582, 0x0597, 0x0617, 0x068C, 0x06B6,
    0x06CF, 0x06C2, 0x0672, 0x069A, 0x074C, 0x0768, 0x0749, 0x06B7, 0x05A3, 0x05B2, 0x06F0, 0x08A0,
    0x0AAE, 0x0C86, 0x0CF3, 0x0CC7, 0x0C81, 0x0BCF, 0x0BA4, 0x0BC6, 0x0BA5, 0x0B5A, 0x0ADF, 0x0A31,
    0x09C3, 0x09C3, 0x09DF, 0x09D4, 0x0987, 0x08B1, 0x0793, 0x06BA, 0x060F, 0x05C6, 0x05C1, 0x05B2,
    0x05B3, 0x05DA, 0x05FF, 0x0624, 0x064B, 0x063E, 0x0609, 0x05D7, 0x05A2, 0x059F, 0x05C2, 0x05CD,
    0x05EE, 0x0602, 0x0604, 0x0657, 0x06B9, 0x070E, 0x0774, 0x076A, 0x0754, 0x0795, 0x07A4, 0x07F1,
    0x0806, 0x074B, 0x06BA, 0x06C5, 0x0755, 0x08AC, 0x0AAD, 0x0C18, 0x0CB3, 0x0CB2, 0x0C04, 0x0B52,
    0x0B1D, 0x0B11, 0x0B47, 0x0B53, 0x0AD2, 0x0A32, 0x0982, 0x08F4, 0x08EC, 0x0915, 0x090C, 0x08C5,
    0x0820, 0x071A, 0x063F, 0x05BE, 0x0589, 0x05B0, 0x0610, 0x0641, 0x0647, 0x0641, 0x0611, 0x05EB,
    0x05F8, 0x0602, 0x062C, 0x066F, 0x0689, 0x0684, 0x0677, 0x063B, 0x0626, 0x064B, 0x066F, 0x06D3,
    0x071E, 0x072D, 0x0758, 0x0781, 0x07AF, 0x0820, 0x088A, 0x087A, 0x0834, 0x0784, 0x06D6, 0x070B,
    0x07EC, 0x0977, 0x0B50, 0x0C6A, 0x0CC0, 0x0C4E, 0x0B8B, 0x0AE4, 0x0AB1, 0x0AD3, 0x0B0B, 0x0B0A,
    0x0A81, 0x09B2, 0x08D0, 0x0827, 0x0802, 0x081E, 0x0865, 0x0879, 0x081A, 0x0762, 0x068F, 0x05DE,
    0x057D, 0x0569, 0x05B1, 0x060E, 0x0650, 0x0680, 0x067E, 0x065E, 0x063F, 0x0631, 0x063A, 0x0662,
    0x0694, 0x06BC, 0x06DA, 0x06CE, 0x06B4, 0x06B0, 0x06B9, 0x0702, 0x0760, 0x07A7, 0x07DB, 0x07EF,
    0x07EB, 0x07F5, 0x081B, 0x085A, 0x08A1, 0x088A, 0x0807, 0x0789, 0x073D, 0x0797, 0x08B1, 0x0A27,
    0x0B8F, 0x0C94, 0x0CBE, 0x0C44, 0x0B8F, 0x0AD1, 0x0A5A, 0x0A4B, 0x0A4A, 0x0A21, 0x09C1, 0x090F,
    0x0842, 0x07A0, 0x0757, 0x0760, 0x079F, 0x07CC, 0x0799, 0x070D, 0x0636, 0x0572, 0x04EB, 0x04D0,
    0x0536, 0x05C7, 0x0653, 0x06A8, 0x06AD, 0x0680, 0x0650, 0x0646, 0x065C, 0x069F, 0x06E9, 0x0715,
    0x073D, 0x0739, 0x0724, 0x0723, 0x0723, 0x073F, 0x077D, 0x07C5, 0x07EE, 0x0810, 0x081A, 0x0812,
    0x0823, 0x083F, 0x088E, 0x08FC, 0x095D, 0x097E, 0x0926, 0x086B, 0x07CE, 0x07BC, 0x0841, 0x0967,
    0x0AD7, 0x0C04, 0x0CAD, 0x0CAC, 0x0C1E, 0x0B5F, 0x0AAC, 0x0A2C, 0x09DF, 0x099A, 0x0939, 0x08C5,
    0x0839, 0x07B2, 0x0761, 0x0742, 0x0744, 0x074B, 0x0727, 0x06BF, 0x0632, 0x05A2, 0x0529, 0x04F8,
    0x050A, 0x0542, 0x059B, 0x05E4, 0x05FF, 0x05FD, 0x05E2, 0x05DA, 0x05FE, 0x0646, 0x06AC, 0x0725,
    0x0786, 0x07CA, 0x07EF, 0x07E8, 0x07D2, 0x07B2, 0x079B, 0x079F, 0x07BE, 0x07F9, 0x0840, 0x087C,
    0x0890, 0x0889, 0x086A, 0x084E, 0x0855, 0x087B, 0x08D0, 0x0934, 0x0990, 0x09C6, 0x099E, 0x091D,
    0x0885, 0x0822, 0x0834, 0x08CC, 0x09C7, 0x0AE0, 0x0BC9, 0x0C33, 0x0C17, 0x0B92, 0x0AD1, 0x0A15,
    0x097E, 0x0915, 0x08CF, 0x089E, 0x085B, 0x07FC, 0x0791, 0x0725, 0x06CD, 0x0688, 0x0653, 0x0625,
    0x05E5, 0x05A1, 0x0554, 0x0514, 0x04F0, 0x04EF, 0x051F, 0x0564, 0x05A9, 0x05E0, 0x0606, 0x0625,
    0x0641, 0x0663, 0x0697, 0x06E5, 0x0742, 0x07A4, 0x07FC, 0x0840, 0x0866, 0x0875, 0x0870, 0x0864,
    0x0864, 0x0872, 0x088F, 0x08B1, 0x08C8, 0x08CB, 0x08C0, 0x08AF, 0x08AD, 0x08C6, 0x08EE, 0x0917,
    0x0936, 0x0945, 0x0944, 0x093A, 0x093E, 0x094E, 0x0972, 0x0992, 0x097C, 0x0918, 0x0884, 0x080E,
    0x07DC, 0x0818, 0x08BA, 0x098E, 0x0A6B, 0x0B0E, 0x0B3B, 0x0AFC, 0x0A61, 0x099B, 0x08DF, 0x0853,
    0x07F8, 0x07C1, 0x079B, 0x0769, 0x0720, 0x06BE, 0x0649, 0x05DB, 0x058B, 0x0558, 0x0541, 0x0542,
    0x0548, 0x0549, 0x0546, 0x053F, 0x053F, 0x054E, 0x0578, 0x05B2, 0x05FE, 0x0654, 0x06A1, 0x06E9,
    0x072B, 0x0766, 0x079E, 0x07D5, 0x0808, 0x0838, 0x0864, 0x0891, 0x08C9, 0x090A, 0x0949, 0x0970,
    0x097F, 0x0978, 0x0966, 0x0954, 0x094C, 0x0953, 0x0964, 0x0973, 0x097D, 0x0972, 0x0959, 0x093A,
    0x091B, 0x0908, 0x08FE, 0x0901, 0x0903, 0x08FC, 0x08F1, 0x08D9, 0x08CE, 0x08D0, 0x08F3, 0x0922,
    0x0932, 0x0916, 0x089D, 0x07F5, 0x075F, 0x0700, 0x070F, 0x0785, 0x0846, 0x0912, 0x099E, 0x09C9,
    0x0991, 0x0911, 0x0870, 0x07E4, 0x0782, 0x074C, 0x0732, 0x0715, 0x06D8, 0x067A, 0x060B, 0x059F,
    0x055B, 0x0548, 0x055E, 0x0599, 0x05CD, 0x05E9, 0x05DC, 0x05B5, 0x058F, 0x057A, 0x059C, 0x05E9,
    0x0653, 0x06CB, 0x0730, 0x077E, 0x07AA, 0x07C5, 0x07EB, 0x0822, 0x0861, 0x08A2, 0x08DB, 0x08F8,
    0x0906, 0x0918, 0x092A, 0x094F, 0x098D, 0x09D2, 0x0A0E, 0x0A30, 0x0A39, 0x0A2B, 0x0A13, 0x09FF,
    0x09ED, 0x09DD, 0x09C5, 0x09A2, 0x0973, 0x0935, 0x08FB, 0x08C6, 0x089E, 0x0880, 0x0864, 0x0849,
    0x082B, 0x0811, 0x0800, 0x07FA, 0x07FC, 0x0806, 0x080B, 0x0808, 0x0806, 0x07FB, 0x07F1, 0x07EC,
    0x07F0, 0x07F4, 0x07DE, 0x07A8, 0x0742, 0x06D5, 0x068F, 0x0673, 0x0693, 0x06EF, 0x0772, 0x07FA,
    0x0869, 0x08AF, 0x08B7, 0x0891, 0x084A, 0x07F4, 0x07A1, 0x0756, 0x0710, 0x06CC, 0x0685, 0x0643,
    0x060C, 0x05EC, 0x05EC, 0x060E, 0x0646, 0x067D, 0x06A4, 0x06B1, 0x06AC, 0x0696, 0x0686, 0x068B,
    0x06A7, 0x06DE, 0x0721, 0x0764, 0x079D, 0x07CC, 0x07ED, 0x080D, 0x0840, 0x0883, 0x08D7, 0x0937,
    0x097C, 0x09A9, 0x09B6, 0x099F, 0x098F, 0x098E, 0x099F, 0x09CE, 0x0A0B, 0x0A44, 0x0A6C, 0x0A79,
    0x0A69, 0x0A41, 0x0A12, 0x09E3, 0x09C1, 0x09A0, 0x0983, 0x0961, 0x092D, 0x08F1, 0x08AE, 0x086B,
    0x0833, 0x080F, 0x07F7, 0x07E5, 0x07D2, 0x07B2, 0x0783, 0x074D, 0x071A, 0x06F5, 0x06E3, 0x06E8,
    0x06F1, 0x06F8, 0x06FC, 0x06F5, 0x06F6, 0x0703, 0x0724, 0x0753, 0x0780, 0x07A4, 0x0791, 0x0740,
    0x06CA, 0x0651, 0x0610, 0x060D, 0x064E, 0x06C6, 0x074D, 0x07B5, 0x07F7, 0x081B, 0x082B, 0x0832,
    0x083D, 0x083D, 0x0831, 0x0812, 0x07D3, 0x0780, 0x072B, 0x06ED, 0x06D6, 0x06E4, 0x070B, 0x0734,
    0x074D, 0x074D, 0x0737, 0x0720, 0x071A, 0x0726, 0x0752, 0x078C, 0x07B5, 0x07CE, 0x07D7, 0x07DD,
    0x07F1, 0x0822, 0x0873, 0x08CA, 0x0912, 0x0944, 0x094E, 0x0939, 0x0934, 0x0946, 0x096E, 0x09B7,
    0x09F6, 0x0A15, 0x0A14, 0x09F8, 0x09D9, 0x09BB, 0x09B9, 0x09CE, 0x09D2, 0x09C8, 0x09AC, 0x0976,
    0x093E, 0x0915, 0x08F6, 0x08E1, 0x08D3, 0x08B4, 0x0885, 0x084F, 0x0816, 0x07EE, 0x07D2, 0x07BF,
    0x07AF, 0x0791, 0x0760, 0x0727, 0x06EC, 0x06B9, 0x0698, 0x0689, 0x0689, 0x0689, 0x0683, 0x0675,
    0x0661, 0x0658, 0x065E, 0x066F, 0x0689, 0x06AA, 0x06C7, 0x06DF, 0x06F0, 0x06FA, 0x070F, 0x072D,
    0x074A, 0x074D, 0x071D, 0x06E5, 0x06BB, 0x06AE, 0x06D6, 0x071A, 0x0765, 0x07B7, 0x07F6, 0x0830,
    0x086B, 0x08AA, 0x08DE, 0x090E, 0x0925, 0x091D, 0x08FB, 0x08C1, 0x0887, 0x085E, 0x083C, 0x0825,
    0x080D, 0x07F8, 0x07E5, 0x07DC, 0x07E1, 0x07EF, 0x0801, 0x0814, 0x0825, 0x0830, 0x0840, 0x0850,
    0x0856, 0x0858, 0x0854, 0x084F, 0x0860, 0x0881, 0x08A6, 0x08D4, 0x08F8, 0x08FC, 0x08F7, 0x08F9,
    0x08F8, 0x090B, 0x092A, 0x092D, 0x0923, 0x090C, 0x08E6, 0x08D1, 0x08D8, 0x08E9, 0x0901, 0x0912,
    0x0904, 0x08E2, 0x08C4, 0x08A9, 0x089E, 0x089D, 0x089A, 0x087B, 0x084D, 0x081F, 0x07F0, 0x07D2,
    0x07C2, 0x07AE, 0x078B, 0x075B, 0x0721, 0x06E7, 0x06BD, 0x069D, 0x0686, 0x0673, 0x065C, 0x0647,
    0x0634, 0x062A, 0x062E, 0x0640, 0x0657, 0x0673, 0x068F, 0x06AB, 0x06CD, 0x06F5, 0x071B, 0x073D,
    0x075A, 0x0770, 0x0783, 0x0798, 0x07B3, 0x07DA, 0x080A, 0x0836, 0x0840, 0x0827, 0x07FB, 0x07D2,
    0x07C9, 0x07F2, 0x0811, 0x0820, 0x084D, 0x0869, 0x089C, 0x08D5, 0x090D, 0x092F, 0x0943, 0x0954,
    0x094B, 0x094F, 0x0948, 0x092C, 0x0904, 0x08CB, 0x088C, 0x084C, 0x0815, 0x07E6, 0x07C5, 0x07AD,
    0x079A, 0x079A, 0x07A3, 0x07B6, 0x07C7, 0x07D0, 0x07DB, 0x07F2, 0x0802, 0x0814, 0x0830, 0x083F,
    0x0847, 0x084F, 0x084F, 0x0854, 0x0869, 0x087B, 0x0889, 0x089C, 0x08A8, 0x08B3, 0x08BF, 0x08CE,
    0x08CC, 0x08D0, 0x08CA, 0x08BF, 0x08BB, 0x08AF, 0x0898, 0x0881, 0x085E, 0x0843, 0x0831, 0x0827,
    0x0824, 0x082A, 0x082C, 0x0827, 0x0821, 0x0817, 0x0804, 0x07E7, 0x07CA, 0x07A4, 0x077A, 0x074D,
    0x0728, 0x0705, 0x06E2, 0x06BE, 0x06A7, 0x0698, 0x068B, 0x0688, 0x068C, 0x0693, 0x06A2, 0x06B0,
    0x06BC, 0x06CC, 0x06DF, 0x06F3, 0x070A, 0x0726, 0x0741, 0x075E, 0x077A, 0x0799, 0x07BA, 0x07DC,
    0x07FB, 0x0818, 0x083B, 0x0852, 0x0865, 0x0886, 0x08AA, 0x08BD, 0x08BD, 0x08BC, 0x089A, 0x087E,
    0x0878, 0x085E, 0x084B, 0x0842, 0x084C, 0x0857, 0x086A, 0x0885, 0x08A4, 0x08C3, 0x08E2, 0x08FD,
    0x090C, 0x0911, 0x0918, 0x090D, 0x08F3, 0x08CA, 0x0899, 0x0863, 0x0828, 0x07EF, 0x07BB, 0x0794,
    0x0772, 0x0756, 0x074C, 0x0751, 0x0753, 0x0756, 0x076A, 0x0783, 0x0795, 0x07B0, 0x07D5, 0x07F4,
    0x0810, 0x082A, 0x0841, 0x0857, 0x0868, 0x0878, 0x088A, 0x0895, 0x08A5, 0x08B7, 0x08C0, 0x08C2,
    0x08BF, 0x08BB, 0x08B7, 0x08A9, 0x089F, 0x089F, 0x0897, 0x088A, 0x0885, 0x087D, 0x0864, 0x084A,
    0x0840, 0x082A, 0x0808, 0x07F1, 0x07E3, 0x07CA, 0x07A7, 0x078B, 0x0781, 0x076A, 0x074B, 0x073A,
    0x0735, 0x072A, 0x071B, 0x0711, 0x0711, 0x0705, 0x06F8, 0x06EE, 0x06EA, 0x06E0, 0x06D4, 0x06CF,
    0x06D0, 0x06CC, 0x06CC, 0x06D5, 0x06DF, 0x06EF, 0x0705, 0x0723, 0x0742, 0x0761, 0x0785, 0x07AB,
    0x07CD, 0x07EF, 0x0813, 0x0834, 0x0852, 0x0870, 0x088B, 0x08A2, 0x08B4, 0x08C7, 0x08D1, 0x08D9,
    0x08E3, 0x08EC, 0x08F4, 0x08F6, 0x08F5, 0x08EF, 0x08DF, 0x08D1, 0x08C5, 0x08B2, 0x089D, 0x088F,
    0x087F, 0x086F, 0x0861, 0x0862, 0x0865, 0x0866, 0x0868, 0x0870, 0x087D, 0x0882, 0x0883, 0x0886,
    0x0886, 0x0881, 0x0874, 0x0867, 0x0852, 0x0838, 0x081F, 0x0805, 0x07E4, 0x07C3, 0x07A7, 0x078F,
    0x0779, 0x076A, 0x0765, 0x0763, 0x0762, 0x0764, 0x0771, 0x077C, 0x078A, 0x079E, 0x07B6, 0x07D0,
    0x07E7, 0x07FB, 0x080D, 0x081E, 0x0830, 0x0841, 0x084D, 0x0856, 0x085F, 0x0865, 0x0867, 0x0865,
    0x0864, 0x0861, 0x0856, 0x084C, 0x0844, 0x0839, 0x082A, 0x081B, 0x080F, 0x0800, 0x07EC, 0x07DA,
    0x07CC, 0x07BC, 0x07AB, 0x079E, 0x0793, 0x0785, 0x0776, 0x076F, 0x076B, 0x0762, 0x0756, 0x0755,
    0x075B, 0x075B, 0x0755, 0x0758, 0x075E, 0x075E, 0x0759, 0x075D, 0x075D, 0x0756, 0x0752, 0x0754,
    0x0757, 0x0758, 0x075B, 0x0766, 0x0771, 0x077F, 0x078F, 0x07A2, 0x07B6, 0x07CA, 0x07E3, 0x07FD,
    0x0815, 0x0830, 0x084E, 0x086A, 0x0883, 0x089E, 0x08BA, 0x08D0, 0x08E3, 0x08F5, 0x0907, 0x0913,
    0x091A, 0x0920, 0x0923, 0x0921, 0x091C, 0x0919, 0x0912, 0x0905, 0x08F2, 0x08DF, 0x08CD, 0x08B4,
    0x0899, 0x087B, 0x0865, 0x0851, 0x083C, 0x082B, 0x0818, 0x0809, 0x07FB, 0x07EA, 0x07E0, 0x07DA,
    0x07D2, 0x07CB, 0x07C6, 0x07C9, 0x07C9, 0x07C5, 0x07C2, 0x07BE, 0x07B9, 0x07AF, 0x07A6, 0x079E,
    0x0795, 0x078C, 0x0786, 0x0782, 0x077A, 0x0771, 0x076C, 0x0767, 0x0762, 0x0762, 0x0768, 0x076C,
    0x0770, 0x0778, 0x0783, 0x078D, 0x0799, 0x07A9, 0x07BB, 0x07CB, 0x07DE, 0x07F1, 0x0804, 0x080F,
    0x081E, 0x082F, 0x083B, 0x0848, 0x0859, 0x0868, 0x0870, 0x0874, 0x0880, 0x0885, 0x0881, 0x087A,
    0x0876, 0x086E, 0x0861, 0x0856, 0x084B, 0x083C, 0x082B, 0x081E, 0x0813, 0x0802, 0x07F2, 0x07E6,
    0x07DA, 0x07CD, 0x07C1, 0x07B8, 0x07B1, 0x07A9, 0x07A2, 0x079D, 0x079A, 0x0799, 0x0797, 0x0797,
    0x079A, 0x079D, 0x079F, 0x07A3, 0x07A7, 0x07AB, 0x07B0, 0x07B5, 0x07BA, 0x07C0, 0x07C7, 0x07CF,
    0x07D6, 0x07DF, 0x07E9, 0x07F1, 0x07FA, 0x0802, 0x0809, 0x0812, 0x0819, 0x0820, 0x0829, 0x0831,
    0x0837, 0x083C, 0x0843, 0x0847, 0x0849, 0x084A, 0x084B, 0x0849, 0x0844, 0x0840, 0x083D, 0x0838,
    0x0832, 0x082E, 0x082D, 0x082C, 0x082D, 0x082E, 0x0830, 0x0835, 0x0838, 0x083B, 0x0840, 0x0844,
    0x0847, 0x084C, 0x0851, 0x0855, 0x0859, 0x085D, 0x085F, 0x0860, 0x0861, 0x0860, 0x085F, 0x085D,
    0x085B, 0x0859, 0x0856, 0x0850, 0x0848, 0x083F, 0x0834, 0x0825, 0x0815, 0x0806, 0x07F5, 0x07E5,
    0x07D5, 0x07C7, 0x07BA, 0x07AD, 0x07A5, 0x079F, 0x0798, 0x0791, 0x078D, 0x078A, 0x0786, 0x0782,
    0x0782, 0x0782, 0x0782, 0x0780, 0x0782, 0x0784, 0x0782, 0x0781, 0x0784, 0x0786, 0x0786, 0x078A,
    0x078F, 0x0793, 0x0797, 0x079D, 0x07A3, 0x07A8, 0x07AE, 0x07B6, 0x07BF, 0x07C7, 0x07CF, 0x07D8,
    0x07E1, 0x07EC, 0x07F8, 0x0805, 0x0812, 0x081F, 0x082E, 0x0839, 0x0845, 0x0853, 0x085E, 0x0867,
    0x0870, 0x087A, 0x0882, 0x0886, 0x088B, 0x088E, 0x088D, 0x0889, 0x0887, 0x0882, 0x087B, 0x0874,
    0x086D, 0x0864, 0x0858, 0x084D, 0x0842, 0x0837, 0x082E, 0x0825, 0x081D, 0x0816, 0x0810, 0x0808,
    0x0804, 0x0800, 0x07F9, 0x07F4, 0x07F1, 0x07EC, 0x07E5, 0x07DF, 0x07DC, 0x07D7, 0x07D1, 0x07CE,
    0x07CD, 0x07C9, 0x07C6, 0x07C5, 0x07C3, 0x07C0, 0x07C0, 0x07C1, 0x07BF, 0x07BC, 0x07BE, 0x07C1,
    0x07C0, 0x07C0, 0x07C1, 0x07C2, 0x07C5, 0x07C8, 0x07C7, 0x07C9, 0x07CE, 0x07D3, 0x07D2, 0x07D7,
    0x07E2, 0x07E8, 0x07E9, 0x07F1, 0x07FD, 0x0804, 0x0803, 0x080C, 0x081B, 0x0820, 0x081E, 0x0823,
    0x082B, 0x082A, 0x0825, 0x0826, 0x0825, 0x081E, 0x0818, 0x0818, 0x0818, 0x0811, 0x080D, 0x080F,
    0x080E, 0x080C, 0x080F, 0x0812, 0x0812, 0x0818, 0x0823, 0x0828, 0x082A, 0x0835, 0x083F, 0x0844,
    0x084A, 0x0852, 0x085D, 0x0864, 0x0864, 0x0866, 0x086D, 0x086B, 0x085D, 0x085B, 0x085D, 0x084C,
    0x083C, 0x0839, 0x0833, 0x081C, 0x07FA, 0x07EC, 0x07DF, 0x07CF, 0x07CB, 0x07B2, 0x07AD, 0x07B7,
    0x07B7, 0x07B6, 0x07B4, 0x07C2, 0x07C6, 0x07B7, 0x07B8, 0x07C8, 0x07C4, 0x07AD, 0x07A4, 0x07AB,
    0x07A1, 0x0787, 0x0777, 0x0773, 0x076B, 0x075C, 0x0754, 0x0756, 0x075E, 0x0763, 0x0764, 0x076E,
    0x077F, 0x078F, 0x0799, 0x07A4, 0x07B8, 0x07D1, 0x07E7, 0x07F7, 0x080D, 0x0829, 0x083E, 0x0851,
    0x0869, 0x0881, 0x0894, 0x08A4, 0x08B1, 0x08BA, 0x08CB, 0x08D7, 0x08D5, 0x08D0, 0x08D1, 0x08CF,
    0x08C7, 0x08BD, 0x08B3, 0x08A6, 0x0896, 0x088A, 0x0879, 0x0864, 0x0852, 0x0843, 0x0833, 0x0820,
    0x0812, 0x0806, 0x07F6, 0x07E9, 0x07DF, 0x07D6, 0x07CE, 0x07C7, 0x07BC, 0x07B6, 0x07B0, 0x07AB,
    0x07A7, 0x07A3, 0x079E, 0x0796, 0x0795, 0x0798, 0x0794, 0x078D, 0x078F, 0x0796, 0x0795, 0x0791,
    0x0797, 0x07A0, 0x07A1, 0x07A2, 0x07A8, 0x07AF, 0x07B4, 0x07BB, 0x07C1, 0x07C7, 0x07CF, 0x07D5,
    0x07D8, 0x07DE, 0x07E1, 0x07E8, 0x07EE, 0x07F1, 0x07F9, 0x0805, 0x080E, 0x0816, 0x081D, 0x0825,
    0x082C, 0x0832, 0x0833, 0x082F, 0x0831, 0x0836, 0x0831, 0x0827, 0x0822, 0x0828, 0x0822, 0x0818,
    0x081B, 0x0824, 0x082C, 0x0829, 0x0828, 0x0838, 0x0849, 0x0847, 0x0842, 0x0850, 0x0862, 0x0859,
    0x0850, 0x0863, 0x087A, 0x0870, 0x0854, 0x085D, 0x086C, 0x0854, 0x083E, 0x0834, 0x0842, 0x0840,
    0x0832, 0x0838, 0x083C, 0x0846, 0x084B, 0x083A, 0x0838, 0x084B, 0x084C, 0x0828, 0x0805, 0x0806,
    0x07F5, 0x07C5, 0x0799, 0x077E, 0x0767, 0x073E, 0x0710, 0x06F5, 0x06E9, 0x06E3, 0x06CC, 0x06BA,
    0x06C8, 0x06E3, 0x06F0, 0x06EB, 0x06FE, 0x0737, 0x0760, 0x076F, 0x0782, 0x07B3, 0x07E8, 0x080A,
    0x0822, 0x0839, 0x0868, 0x0898, 0x08A4, 0x089F, 0x08AD, 0x08DD, 0x08F0, 0x08DB, 0x08D0, 0x08D8,
    0x08EC, 0x08F4, 0x08DA, 0x08BA, 0x08B6, 0x08C8, 0x08BB, 0x088C, 0x087C, 0x0889, 0x087E, 0x085F,
    0x0850, 0x0849, 0x083B, 0x082D, 0x081B, 0x0803, 0x07F5, 0x07EE, 0x07DE, 0x07C9, 0x07BD, 0x07B2,
    0x07AF, 0x07AC, 0x0796, 0x0788, 0x078D, 0x0793, 0x0785, 0x0767, 0x076D, 0x077C, 0x0768, 0x075A,
    0x0765, 0x076E, 0x0767, 0x0767, 0x0786, 0x0798, 0x0794, 0x07A2, 0x07BD, 0x07D5, 0x07DC, 0x07D9,
    0x07EC, 0x0807, 0x0811, 0x0805, 0x07FC, 0x0811, 0x081D, 0x0808, 0x07F8, 0x0800, 0x0816, 0x0813,
    0x07FE, 0x080A, 0x0825, 0x082A, 0x0827, 0x082E, 0x0842, 0x0844, 0x0846, 0x0863, 0x0869, 0x085B,
    0x0863, 0x0886, 0x089A, 0x0877, 0x0883, 0x08CB, 0x08A8, 0x083A, 0x0820, 0x088F, 0x087E, 0x080E,
    0x0824, 0x083D, 0x086C, 0x0876, 0x0866, 0x0869, 0x088D, 0x08DA, 0x08C1, 0x087A, 0x0898, 0x08B3,
    0x0890, 0x0824, 0x07DA, 0x07D4, 0x0785, 0x0710, 0x06AE, 0x067F, 0x0668, 0x062A, 0x0601, 0x05EB,
    0x0603, 0x0644, 0x0662, 0x067B, 0x06C8, 0x0739, 0x0783, 0x07B8, 0x0805, 0x0855, 0x0886, 0x08BD,
    0x08D1, 0x08CC, 0x08EB, 0x08F7, 0x08D4, 0x08CD, 0x08D4, 0x08D9, 0x08B0, 0x089D, 0x08A4, 0x0897,
    0x089C, 0x08A5, 0x089C, 0x0898, 0x08C2, 0x08D9, 0x08B8, 0x08C4, 0x08CB, 0x08BE, 0x08C1, 0x089A,
    0x0875, 0x086A, 0x0856, 0x081D, 0x07DB, 0x07E0, 0x07D6, 0x077C, 0x0757, 0x0767, 0x0758, 0x0737,
    0x0716, 0x0718, 0x0719, 0x0716, 0x072F, 0x073A, 0x0744, 0x0752, 0x0780, 0x079C, 0x0786, 0x0798,
    0x07C5, 0x07C8, 0x07AC, 0x07A7, 0x07AD, 0x078F, 0x0785, 0x0769, 0x0747, 0x073E, 0x0749, 0x0740,
    0x0716, 0x0739, 0x0774, 0x0770, 0x0793, 0x07C4, 0x07F3, 0x0832, 0x085D, 0x088A, 0x08AB, 0x090B,
    0x0926, 0x08ED, 0x0938, 0x094B, 0x0909, 0x08C5, 0x0879, 0x08CB, 0x08B5, 0x0879, 0x086B, 0x08A2,
    0x08F3, 0x08F7, 0x0905, 0x0943, 0x0988, 0x09BD, 0x09A0, 0x0987, 0x0995, 0x0985, 0x0922, 0x0898,
    0x085B, 0x07FF, 0x0767, 0x06E8, 0x0669, 0x0625, 0x05EA, 0x05A2, 0x056F, 0x0574, 0x05D1, 0x05CD,
    0x05E0, 0x066B, 0x06CD, 0x071E, 0x0770, 0x07D8, 0x082D, 0x0844, 0x0892, 0x08BC, 0x08A8, 0x08DB,
    0x08CC, 0x08BA, 0x0896, 0x08B6, 0x0895, 0x0868, 0x08A1, 0x08AB, 0x0875, 0x0881, 0x08CB, 0x08DD,
    0x08B0, 0x08D4, 0x0902, 0x08DC, 0x08DB, 0x08D3, 0x08AE, 0x08A5, 0x0895, 0x084A, 0x0808, 0x07FB,
    0x07E3, 0x07A3, 0x0796, 0x0798, 0x0764, 0x0769, 0x078A, 0x0781, 0x077B, 0x07A0, 0x07BE, 0x078F,
    0x0789, 0x07A3, 0x076E, 0x0733, 0x072A, 0x070C, 0x06CE, 0x06A2, 0x0684, 0x0675, 0x0676, 0x0661,
    0x065E, 0x0683, 0x06AB, 0x06C3, 0x06E6, 0x0733, 0x076B, 0x079E, 0x07E9, 0x080C, 0x083A, 0x0889,
    0x08BA, 0x08BF, 0x08E1, 0x0932, 0x0936, 0x091C, 0x092A, 0x0915, 0x08E6, 0x08F6, 0x08DE, 0x08D7,
    0x08DD, 0x090D, 0x0920, 0x0940, 0x0973, 0x0992, 0x09B7, 0x09DC, 0x09E0, 0x09D3, 0x09CC, 0x09AA,
    0x096E, 0x0931, 0x08CF, 0x0858, 0x0806, 0x07A3, 0x0722, 0x06C6, 0x0669, 0x0625, 0x05FA, 0x05EB,
    0x05C3, 0x05C6, 0x060F, 0x0627, 0x0640, 0x0695, 0x06D7, 0x0721, 0x0774, 0x07B2, 0x07C6, 0x0809,
    0x0855, 0x0860, 0x0868, 0x08B4, 0x08B5, 0x08B9, 0x08C1, 0x08DE, 0x08BA, 0x08DA, 0x08F8, 0x08D2,
    0x08D1, 0x08EB, 0x08D6, 0x08D2, 0x08E8, 0x08DD, 0x08AC, 0x08B4, 0x08A0, 0x086D, 0x0863, 0x0859,
    0x080D, 0x07F4, 0x07F6, 0x07B5, 0x0794, 0x07AA, 0x07A6, 0x0792, 0x07A8, 0x07B4, 0x07B3, 0x07D0,
    0x07EB, 0x07CF, 0x07C4, 0x07B3, 0x0791, 0x0758, 0x071C, 0x06E0, 0x06AE, 0x067A, 0x0645, 0x060C,
    0x05E5, 0x05E9, 0x05EE, 0x05EC, 0x0610, 0x064A, 0x0679, 0x06C7, 0x0727, 0x0770, 0x07C4, 0x081D,
    0x085E, 0x08AC, 0x08FA, 0x0918, 0x0914, 0x0937, 0x0948, 0x0927, 0x0919, 0x092C, 0x093F, 0x0943,
    0x094E, 0x0951, 0x097C, 0x09AC, 0x09BF, 0x09BA, 0x09D0, 0x09DE, 0x09D5, 0x09AD, 0x097E, 0x0938,
    0x08F9, 0x08A9, 0x0843, 0x07CE, 0x077A, 0x072C, 0x06E0, 0x06A4, 0x0679, 0x064E, 0x0642, 0x0645,
    0x0642, 0x0662, 0x0698, 0x06C1, 0x06F9, 0x073F, 0x0774, 0x07A2, 0x07F0, 0x0823, 0x0849, 0x0890,
    0x08BB, 0x08C8, 0x08EF, 0x0911, 0x0905, 0x0905, 0x091B, 0x090A, 0x08F8, 0x08F7, 0x08DF, 0x08C1,
    0x08BF, 0x08A9, 0x0881, 0x086F, 0x0872, 0x0866, 0x0860, 0x0866, 0x0862, 0x085D, 0x086F, 0x0874,
    0x086E, 0x086E, 0x086A, 0x084C, 0x082F, 0x080F, 0x07D3, 0x0790, 0x075C, 0x0719, 0x06D2, 0x068F,
    0x0651, 0x061F, 0x0602, 0x05E3, 0x05C9, 0x05C6, 0x05D1, 0x05DB, 0x05FE, 0x0628, 0x064A, 0x0682,
    0x06C8, 0x06FA, 0x073A, 0x078B, 0x07C1, 0x07F5, 0x0843, 0x0855, 0x084A, 0x0874, 0x0892, 0x0879,
    0x0889, 0x08AC, 0x08B5, 0x08D0, 0x08FD, 0x0904, 0x092E, 0x0983, 0x09A9, 0x09BF, 0x09FA, 0x0A0C,
    0x0A05, 0x0A0A, 0x09E8, 0x098D, 0x094E, 0x08FE, 0x088B, 0x082A, 0x07CC, 0x0755, 0x0705, 0x06C4,
    0x067A, 0x064E, 0x063A, 0x062D, 0x0641, 0x0662, 0x0675, 0x06A3, 0x06D8, 0x070D, 0x074F, 0x07A0,
    0x07D2, 0x0811, 0x0859, 0x089C, 0x08D2, 0x0907, 0x0925, 0x094C, 0x096A, 0x098C, 0x098D, 0x0994,
    0x0996, 0x098F, 0x0975, 0x096B, 0x0956, 0x0941, 0x0931, 0x092B, 0x08FF, 0x08E6, 0x08EB, 0x08D5,
    0x08BD, 0x08C1, 0x08A7, 0x087E, 0x0879, 0x0853, 0x0809, 0x07E4, 0x07BE, 0x076C, 0x0735, 0x06F6,
    0x069E, 0x0665, 0x064A, 0x0607, 0x05E0, 0x05DC, 0x05D1, 0x05C9, 0x05F0, 0x0609, 0x060D, 0x063C,
    0x0682, 0x06A4, 0x06CA, 0x0710, 0x0736, 0x0730, 0x074B, 0x0764, 0x0759, 0x0773, 0x07AF, 0x07C8,
    0x07E9, 0x0834, 0x0865, 0x0896, 0x08EF, 0x0930, 0x0959, 0x09AA, 0x09DB, 0x09D7, 0x09DC, 0x09C7,
    0x0983, 0x094A, 0x0902, 0x088D, 0x082C, 0x07D7, 0x076E, 0x0717, 0x06D2, 0x067D, 0x0656, 0x064A,
    0x062A, 0x0629, 0x0658, 0x067B, 0x06B4, 0x0707, 0x0744, 0x0775, 0x07CD, 0x081B, 0x084B, 0x0897,
    0x08DE, 0x090A, 0x093E, 0x0979, 0x0998, 0x09AC, 0x09C8, 0x09E2, 0x09D5, 0x09CF, 0x09CE, 0x09CD,
    0x09C4, 0x09C3, 0x09BB, 0x09AE, 0x09AF, 0x09B7, 0x09A6, 0x0999, 0x098D, 0x0973, 0x0948, 0x0929,
    0x08EE, 0x08A2, 0x0862, 0x0818, 0x07B7, 0x076D, 0x0722, 0x06D6, 0x069C, 0x0673, 0x0646, 0x062C,
    0x0625, 0x0622, 0x061F, 0x063E, 0x0657, 0x066E, 0x0690, 0x06B4, 0x06AC, 0x06A2, 0x06BC, 0x06BC,
    0x06A6, 0x06B8, 0x06DC, 0x06E0, 0x070B, 0x0749, 0x076A, 0x07AF, 0x0825, 0x0861, 0x08A5, 0x0914,
    0x093D, 0x0941, 0x0969, 0x0947, 0x08F9, 0x08C9, 0x0871, 0x07E3, 0x078E, 0x0727, 0x06A5, 0x0654,
    0x061C, 0x05CA, 0x05B3, 0x05B3, 0x05AF, 0x05DC, 0x0630, 0x066D, 0x06BD, 0x0720, 0x0771, 0x07C6,
    0x0824, 0x0868, 0x08A4, 0x08F3, 0x0923, 0x0950, 0x0981, 0x09A3, 0x09BD, 0x09EA, 0x09FF, 0x0A0C,
    0x0A2A, 0x0A40, 0x0A45, 0x0A61, 0x0A62, 0x0A5B, 0x0A6B, 0x0A6C, 0x0A57, 0x0A4C, 0x0A30, 0x09FB,
    0x09D6, 0x09A6, 0x095F, 0x0929, 0x08E8, 0x088E, 0x084F, 0x0807, 0x07B0, 0x077A, 0x0746, 0x06F7,
    0x06D7, 0x06C6, 0x0694, 0x0699, 0x06CE, 0x06AA, 0x0691, 0x06B7, 0x068C, 0x0664, 0x069C, 0x068C,
    0x065F, 0x069D, 0x06AC, 0x0687, 0x06E3, 0x072C, 0x074C, 0x07D3, 0x0832, 0x0842, 0x089C, 0x08CC,
    0x08AB, 0x08B9, 0x08B3, 0x0847, 0x0809, 0x07B0, 0x0729, 0x06C6, 0x0677, 0x05F0, 0x05A4, 0x0561,
    0x051F, 0x051F, 0x0549, 0x0549, 0x0589, 0x05DE, 0x0611, 0x0660, 0x06E0, 0x0728, 0x077A, 0x07EC,
    0x0824, 0x0856, 0x08B7, 0x08EF, 0x090B, 0x0952, 0x0980, 0x0983, 0x09B0, 0x09E6, 0x09FF, 0x0A36,
    0x0A71, 0x0A88, 0x0AA2, 0x0AD5, 0x0AE0, 0x0AE5, 0x0AF5, 0x0ADE, 0x0AB0, 0x0A95, 0x0A5A, 0x0A16,
    0x09D9, 0x0992, 0x093A, 0x08EB, 0x0899, 0x084F, 0x07F2, 0x07BB, 0x0793, 0x075A, 0x073C, 0x0767,
    0x0750, 0x072D, 0x074E, 0x072E, 0x06E4, 0x070D, 0x071C, 0x06DA, 0x0702, 0x0734, 0x0702, 0x0724,
    0x0791, 0x0799, 0x07E3, 0x0871, 0x0885, 0x089B, 0x090A, 0x08EF, 0x08A9, 0x08B0, 0x0859, 0x07A6,
    0x0762, 0x06DE, 0x061F, 0x05B9, 0x0564, 0x04C1, 0x0485, 0x0450, 0x0413, 0x041F, 0x0469, 0x0480,
    0x04D8, 0x0544, 0x0591, 0x0601, 0x0682, 0x06D8, 0x0740, 0x07A4, 0x07E7, 0x0833, 0x0887, 0x08B8,
    0x08FD, 0x093E, 0x0963, 0x098D, 0x09C8, 0x09F1, 0x0A26, 0x0A5E, 0x0A78, 0x0A8F, 0x0AB4, 0x0AC2,
    0x0ACC, 0x0AD4, 0x0ACA, 0x0AA8, 0x0A87, 0x0A58, 0x0A14, 0x09DB, 0x09A1, 0x0957, 0x0910, 0x08DB,
    0x08AB, 0x0879, 0x0865, 0x0864, 0x0850, 0x084C, 0x0857, 0x083B, 0x080F, 0x0808, 0x07E6, 0x07B8,
    0x07B1, 0x079C, 0x0785, 0x0791, 0x079E, 0x07A0, 0x07D3, 0x080B, 0x0828, 0x085F, 0x0889, 0x0894,
    0x089C, 0x0893, 0x0857, 0x0814, 0x07BC, 0x0733, 0x06AF, 0x0624, 0x0598, 0x051C, 0x04B2, 0x0459,
    0x041D, 0x03F9, 0x03ED, 0x0400, 0x0421, 0x0469, 0x04C8, 0x0519, 0x0571, 0x05E8, 0x0646, 0x06B0,
    0x0731, 0x079E, 0x07F1, 0x0864, 0x08B8, 0x0901, 0x0958, 0x099E, 0x09BE, 0x09FD, 0x0A2F, 0x0A43,
    0x0A60, 0x0A81, 0x0A7C, 0x0A82, 0x0A7D, 0x0A63, 0x0A40, 0x0A2D, 0x0A03, 0x09E2, 0x09C4, 0x099D,
    0x0970, 0x095A, 0x0936, 0x0921, 0x0916, 0x0902, 0x08EF, 0x08F1, 0x08DD, 0x08C9, 0x08BA, 0x0899,
    0x086B, 0x0863, 0x085C, 0x084B, 0x0859, 0x0878, 0x0887, 0x08AA, 0x08DC, 0x08F5, 0x0916, 0x0935,
    0x091C, 0x08FC, 0x08D2, 0x0875, 0x0806, 0x079B, 0x0709, 0x066B, 0x05E3, 0x054D, 0x04C1, 0x0459,
    0x03FD, 0x03B3, 0x0393, 0x0388, 0x0391, 0x03C0, 0x040C, 0x045F, 0x04C8, 0x0534, 0x0598, 0x0604,
    0x067A, 0x06E7, 0x0754, 0x07BE, 0x081C, 0x0870, 0x08C1, 0x0905, 0x0948, 0x0986, 0x09BE, 0x09EC,
    0x0A16, 0x0A32, 0x0A43, 0x0A4F, 0x0A51, 0x0A43, 0x0A32, 0x0A1A, 0x09FF, 0x09E8, 0x09D3, 0x09B6,
    0x099A, 0x0982, 0x0965, 0x094A, 0x0939, 0x0925, 0x0913, 0x090E, 0x090F, 0x090A, 0x0908, 0x0907,
    0x08F9, 0x08ED, 0x08E4, 0x08DA, 0x08CA, 0x08CA, 0x08C9, 0x08C6, 0x08CD, 0x08CD, 0x08C9, 0x08C2,
    0x08B4, 0x088F, 0x085F, 0x082E, 0x07EA, 0x079C, 0x0740, 0x06D8, 0x0665, 0x05F9, 0x0590, 0x052E,
    0x04E0, 0x04A0, 0x0471, 0x044F, 0x0448, 0x0449, 0x0462, 0x048E, 0x04CA, 0x050E, 0x0560, 0x05B9,
    0x0615, 0x0677, 0x06D9, 0x0738, 0x0792, 0x07E7, 0x0831, 0x087C, 0x08C8, 0x090C, 0x0949, 0x097E,
    0x09AB, 0x09CF, 0x09EB, 0x09FB, 0x09FF, 0x09FA, 0x09EF, 0x09DC, 0x09C5, 0x09AC, 0x0992, 0x097A,
    0x0965, 0x094F, 0x0939, 0x092B, 0x0921, 0x0917, 0x0913, 0x0916, 0x091C, 0x0920, 0x0927, 0x0930,
    0x0931, 0x0937, 0x093A, 0x0939, 0x092F, 0x0926, 0x0916, 0x0900, 0x08E7, 0x08C6, 0x08A2, 0x0878,
    0x084F, 0x0820, 0x07F3, 0x07C5, 0x0794, 0x075F, 0x0729, 0x06F1, 0x06B8, 0x0681, 0x064A, 0x0617,
    0x05EB, 0x05C4, 0x059D, 0x057B, 0x0561, 0x0556, 0x0552, 0x0557, 0x0568, 0x057F, 0x05A1, 0x05C8,
    0x05F6, 0x0630, 0x066F, 0x06B4, 0x06FB, 0x0744, 0x078C, 0x07D3, 0x0817, 0x0854, 0x088D, 0x08C2,
    0x08F0, 0x091B, 0x0941, 0x0961, 0x0978, 0x098A, 0x0997, 0x099D, 0x09A0, 0x099F, 0x099D, 0x0999,
    0x0996, 0x098F, 0x0985, 0x0978, 0x0968, 0x0958, 0x0947, 0x0935, 0x0922, 0x090F, 0x08FE, 0x08EE,
    0x08E0, 0x08D3, 0x08CA, 0x08C1, 0x08B6, 0x08A7, 0x0895, 0x0886, 0x086E, 0x085C, 0x0845, 0x0828,
    0x0810, 0x07F3, 0x07DB, 0x07BB, 0x079B, 0x077D, 0x0758, 0x073B, 0x071A, 0x06FF, 0x06E8, 0x06D3,
    0x06C6, 0x06B8, 0x06B3, 0x06AC, 0x06A8, 0x06A4, 0x069F, 0x069C, 0x069C, 0x069E, 0x06A0, 0x06A8,
    0x06B2, 0x06BF, 0x06D2, 0x06E6, 0x06FD, 0x0718, 0x0736, 0x0755, 0x0773, 0x0795, 0x07B6, 0x07D7,
    0x07F8, 0x0817, 0x0837, 0x0855, 0x0870, 0x088B, 0x08A2, 0x08B7, 0x08CD, 0x08DF, 0x08F0, 0x0900,
    0x090E, 0x0918, 0x0920, 0x0927, 0x092B, 0x092E, 0x092E, 0x092D, 0x092B, 0x0926, 0x0920, 0x0918,
    0x090D, 0x0901, 0x08F3, 0x08E5, 0x08D5, 0x08C4, 0x08B2, 0x08A1, 0x088E, 0x087A, 0x0865, 0x084E,
    0x0836, 0x081E, 0x0803, 0x07E8, 0x07CC, 0x07B1, 0x0797, 0x077D, 0x0766, 0x0752, 0x0740, 0x0731,
    0x0725, 0x071C, 0x0714, 0x070E, 0x070B, 0x070B, 0x070C, 0x070F, 0x0713, 0x0718, 0x071E, 0x0725,
    0x072E, 0x0739, 0x0747, 0x0754, 0x0763, 0x0774, 0x0784, 0x0793, 0x07A3, 0x07B4, 0x07C3, 0x07D4,
    0x07E3, 0x07F2, 0x0800, 0x080B, 0x0816, 0x081F, 0x0829, 0x0830, 0x0833, 0x0839, 0x083D, 0x0842,
    0x0845, 0x0848, 0x084A, 0x084B, 0x0850, 0x0855, 0x085C, 0x0863, 0x086A, 0x0870, 0x0875, 0x0879,
    0x087D, 0x0882, 0x0885, 0x0887, 0x0889, 0x0888, 0x0885, 0x087F, 0x0879, 0x0873, 0x086D, 0x0869,
    0x0865, 0x085F, 0x0858, 0x084F, 0x0842, 0x0836, 0x082B, 0x0821, 0x081A, 0x080F, 0x0801, 0x07F3,
    0x07E9, 0x07E6, 0x07E2, 0x07DB, 0x07D0, 0x07C8, 0x07C5, 0x07C1, 0x07C0, 0x07C3, 0x07C0, 0x07BC,
    0x07C2, 0x07C9, 0x07CC, 0x07CA, 0x07C6, 0x07C1, 0x07C0, 0x07BE, 0x07C2, 0x07C6, 0x07CB, 0x07DD,
    0x07D9, 0x07DF, 0x07DF, 0x07E4, 0x07CC, 0x07B6, 0x07BB, 0x07AF, 0x07AE, 0x07B0, 0x07AF, 0x0806,
    0x07EF, 0x07BF, 0x0780, 0x079B, 0x07F9, 0x07E6, 0x07D7, 0x07DE, 0x07C7, 0x0819, 0x0819, 0x086C,
    0x082D, 0x07DE, 0x07CE, 0x0801, 0x07A0, 0x07B9, 0x07BF, 0x07BE, 0x0807, 0x0810, 0x0831, 0x086B,
    0x0898, 0x088B, 0x0852, 0x0854, 0x081E, 0x0842, 0x0847, 0x0813, 0x07ED, 0x07EA, 0x07F5, 0x081C,
    0x081C, 0x0806, 0x0830, 0x0817, 0x0826, 0x0865, 0x087F, 0x0882, 0x0875, 0x0870, 0x0868, 0x0866,
    0x0842, 0x081E, 0x082F, 0x082A, 0x0823, 0x0827, 0x081B, 0x080B, 0x0802, 0x0818, 0x0819, 0x0820,
    0x0818, 0x081D, 0x084B, 0x0836, 0x0834, 0x082B, 0x081E, 0x0804, 0x07E6, 0x07E7, 0x07DE, 0x07C1,
    0x079F, 0x0780, 0x076D, 0x0761, 0x074C, 0x0728, 0x0715, 0x0714, 0x0724, 0x072F, 0x0738, 0x072A,
    0x0721, 0x073E, 0x0757, 0x0766, 0x0774, 0x0785, 0x0798, 0x07AB, 0x07CB, 0x07F0, 0x0817, 0x082E,
    0x0838, 0x0851, 0x084F, 0x0877, 0x08BE, 0x08C9, 0x08C1, 0x08B1, 0x0879, 0x0880, 0x08AB, 0x08C1,
    0x08BA, 0x08B6, 0x08AA, 0x08C5, 0x08E4, 0x08FA, 0x090B, 0x0905, 0x08FD, 0x08FF, 0x0906, 0x0906,
    0x08F8, 0x08E8, 0x08C9, 0x08AB, 0x087A, 0x084D, 0x081B, 0x07E2, 0x07A4, 0x075A, 0x0712, 0x06D9,
    0x06B6, 0x0697, 0x0685, 0x0675, 0x0675, 0x0680, 0x067B, 0x068C, 0x06AB, 0x06D4, 0x070C, 0x074F,
    0x0782, 0x07A2, 0x07BB, 0x07C0, 0x07C9, 0x07D8, 0x07E2, 0x07DD, 0x07CF, 0x07C2, 0x07BE, 0x07C9,
    0x07DD, 0x07EC, 0x07F8, 0x0802, 0x080B, 0x0824, 0x0848, 0x0878, 0x08A1, 0x08C3, 0x08F5, 0x0929,
    0x0964, 0x0993, 0x098A, 0x0940, 0x08D8, 0x088F, 0x0856, 0x0844, 0x085C, 0x087B, 0x08BB, 0x08FA,
    0x094A, 0x099C, 0x09DF, 0x0A15, 0x0A20, 0x0A07, 0x09CE, 0x0982, 0x0909, 0x0871, 0x07C6, 0x0706,
    0x064F, 0x05B3, 0x0534, 0x04DC, 0x04A3, 0x048A, 0x0497, 0x04D3, 0x0536, 0x05AA, 0x0628, 0x0692,
    0x06D1, 0x06F8, 0x0709, 0x070E, 0x0715, 0x0720, 0x071B, 0x0719, 0x072F, 0x075A, 0x07A9, 0x0803,
    0x086B, 0x08C9, 0x091F, 0x0960, 0x0990, 0x09B2, 0x09BE, 0x09C4, 0x09B1, 0x0987, 0x095C, 0x092F,
    0x090B, 0x08EE, 0x08E5, 0x08E4, 0x08F5, 0x092F, 0x0979, 0x09B4, 0x09A7, 0x0962, 0x08E4, 0x0879,
    0x0867, 0x0884, 0x08F1, 0x0967, 0x09DE, 0x0A29, 0x0A58, 0x0A85, 0x0AA7, 0x0AC9, 0x0AC7, 0x0A87,
    0x09FA, 0x0928, 0x0836, 0x073C, 0x065B, 0x0591, 0x04D8, 0x043F, 0x03C9, 0x0380, 0x0371, 0x039E,
    0x03F2, 0x045F, 0x04E5, 0x0570, 0x05EB, 0x0644, 0x0673, 0x0666, 0x0630, 0x05F8, 0x05C8, 0x05BE,
    0x05E3, 0x0629, 0x0685, 0x06E1, 0x074B, 0x07C3, 0x084B, 0x08E4, 0x0975, 0x09E6, 0x0A22, 0x0A2E,
    0x0A0D, 0x09C6, 0x0981, 0x093D, 0x08FE, 0x08C5, 0x08A4, 0x0894, 0x0898, 0x08D6, 0x0933, 0x09A5,
    0x09FB, 0x0A25, 0x09E0, 0x094A, 0x08DD, 0x0897, 0x08B4, 0x0917, 0x09C0, 0x0A75, 0x0B03, 0x0B7F,
    0x0BD0, 0x0C0A, 0x0C34, 0x0C2D, 0x0BDC, 0x0B33, 0x0A38, 0x0900, 0x07C5, 0x06A6, 0x05AD, 0x0503,
    0x048E, 0x043A, 0x040C, 0x03FD, 0x041B, 0x0474, 0x04FC, 0x058E, 0x061A, 0x066F, 0x067E, 0x0661,
    0x0609, 0x059F, 0x053D, 0x04FD, 0x04DD, 0x04EF, 0x0533, 0x0589, 0x060E, 0x06B0, 0x075B, 0x0813,
    0x08BB, 0x0941, 0x09A2, 0x09D7, 0x09D8, 0x09A1, 0x0950, 0x08DF, 0x0869, 0x0811, 0x07E5, 0x07EF,
    0x0817, 0x085C, 0x0894, 0x08DF, 0x0955, 0x09B9, 0x0A1B, 0x0A1E, 0x0987, 0x08B2, 0x0800, 0x07B9,
    0x07E0, 0x08AF, 0x09CD, 0x0ACF, 0x0BAB, 0x0C47, 0x0C9A, 0x0CD0, 0x0CFE, 0x0CF2, 0x0C76, 0x0B9E,
    0x0A3D, 0x088B, 0x06FF, 0x05CE, 0x0501, 0x04A0, 0x0486, 0x0472, 0x0481, 0x04C4, 0x0529, 0x05AF,
    0x0657, 0x06B0, 0x06A5, 0x066C, 0x060B, 0x059D, 0x054E, 0x0514, 0x04C0, 0x0473, 0x044D, 0x0450,
    0x04BD, 0x0594, 0x0694, 0x0792, 0x0865, 0x08EA, 0x0936, 0x097A, 0x09B5, 0x09CC, 0x09BB, 0x095F,
    0x08CD, 0x0848, 0x07EF, 0x07D6, 0x07F6, 0x0843, 0x089D, 0x08FD, 0x095A, 0x098D, 0x09C6, 0x0A06,
    0x0A26, 0x0A1C, 0x09A3, 0x08D1, 0x07DF, 0x076D, 0x0773, 0x07F4, 0x0920, 0x0A52, 0x0B77, 0x0C44,
    0x0CEA, 0x0D37, 0x0D0F, 0x0CAA, 0x0BB1, 0x0A6F, 0x08FF, 0x079E, 0x0663, 0x0564, 0x04CE, 0x0468,
    0x046A, 0x04AB, 0x050D, 0x0587, 0x05F9, 0x0648, 0x0645, 0x0631, 0x0602, 0x05BD, 0x0590, 0x0556,
    0x04FD, 0x04A9, 0x047E, 0x0496, 0x0503, 0x05BA, 0x066A, 0x0705, 0x0794, 0x0808, 0x087A, 0x08E9,
    0x093B, 0x095B, 0x0957, 0x093C, 0x090A, 0x08E3, 0x08C4, 0x0893, 0x086B, 0x085A, 0x086C, 0x08A6,
    0x090F, 0x0973, 0x09A7, 0x09B8, 0x09B4, 0x09C6, 0x09EC, 0x0A43, 0x0A2A, 0x092C, 0x0806, 0x070C,
    0x06C9, 0x075C, 0x088F, 0x09CC, 0x0AAF, 0x0B50, 0x0B94, 0x0BF4, 0x0C36, 0x0C2B, 0x0B9A, 0x0A7F,
    0x0925, 0x07C9, 0x06E1, 0x0644, 0x0602, 0x05E0, 0x05AE, 0x057F, 0x0566, 0x0584, 0x05BA, 0x0603,
    0x0616, 0x05E2, 0x0588, 0x052E, 0x050C, 0x051F, 0x0553, 0x057D, 0x0591, 0x0594, 0x0582, 0x05A4,
    0x0605, 0x068B, 0x072D, 0x07C8, 0x082E, 0x0866, 0x088F, 0x08B7, 0x08E3, 0x090F, 0x0922, 0x090C,
    0x08DD, 0x08BB, 0x08AD, 0x08BB, 0x08DD, 0x08FE, 0x090D, 0x092E, 0x0960, 0x097B, 0x0979, 0x0977,
    0x0983, 0x0991, 0x09C1, 0x0989, 0x08BD, 0x07E1, 0x079D, 0x07FE, 0x08AF, 0x09A1, 0x0A5B, 0x0AC6,
    0x0B10, 0x0B60, 0x0BA5, 0x0BA2, 0x0B27, 0x0A0E, 0x08D7, 0x07ED, 0x075B, 0x0719, 0x06EB, 0x06BA,
    0x0668, 0x0622, 0x0606, 0x05F5, 0x05E1, 0x05A9, 0x0542, 0x04D9, 0x04B4, 0x04D9, 0x052C, 0x0581,
    0x05B1, 0x05B4, 0x0596, 0x0598, 0x05C7, 0x0612, 0x0675, 0x06DC, 0x072C, 0x076B, 0x07AE, 0x07F7,
    0x083B, 0x0872, 0x0892, 0x089D, 0x08AB, 0x08BF, 0x08D7, 0x08F1, 0x0901, 0x0908, 0x0907, 0x090A,
    0x08FF, 0x08FF, 0x0926, 0x095C, 0x097D, 0x0980, 0x0990, 0x09A7, 0x09D8, 0x09DB, 0x0963, 0x0889,
    0x0801, 0x0838, 0x089D, 0x0944, 0x09C1, 0x0A37, 0x0AA8, 0x0B0E, 0x0B56, 0x0B20, 0x0A8B, 0x09AB,
    0x08E3, 0x0855, 0x0802, 0x07CE, 0x0787, 0x073D, 0x06FE, 0x06BC, 0x067E, 0x0637, 0x05C8, 0x0547,
    0x04EB, 0x04C4, 0x04D1, 0x0507, 0x0538, 0x0555, 0x0589, 0x05C5, 0x05F9, 0x0616, 0x061A, 0x0620,
    0x0649, 0x068B, 0x06D4, 0x0721, 0x0766, 0x07AA, 0x07EC, 0x0816, 0x083C, 0x0868, 0x088D, 0x08A1,
    0x08AC, 0x08A7, 0x08BE, 0x08E1, 0x08F6, 0x08F5, 0x08FE, 0x092D, 0x0960, 0x097B, 0x0977, 0x0967,
    0x0985, 0x09DB, 0x0A11, 0x0993, 0x08AE, 0x082D, 0x081C, 0x08A8, 0x0931, 0x09B8, 0x0A16, 0x0A72,
    0x0AF6, 0x0B5D, 0x0B6A, 0x0AE4, 0x0A17, 0x094F, 0x08DB, 0x08A3, 0x0855, 0x07DF, 0x078B, 0x0759,
    0x0741, 0x0714, 0x069F, 0x05F7, 0x0566, 0x0514, 0x04F2, 0x04F6, 0x04FC, 0x0503, 0x0535, 0x0584,
    0x05D8, 0x0609, 0x0605, 0x05EA, 0x05E3, 0x0606, 0x0646, 0x0687, 0x06C0, 0x06F7, 0x0741, 0x0793,
    0x07D9, 0x0803, 0x081D, 0x0834, 0x0856, 0x087A, 0x0898, 0x08A9, 0x08B3, 0x08BF, 0x08D0, 0x08FB,
    0x0934, 0x0955, 0x094E, 0x0939, 0x095E, 0x09A7, 0x09E3, 0x09CA, 0x0951, 0x08CD, 0x08AE, 0x08F2,
    0x0943, 0x098A, 0x09D6, 0x0A47, 0x0AC2, 0x0B1A, 0x0B27, 0x0ACF, 0x0A4A, 0x09D3, 0x0976, 0x0922,
    0x08B0, 0x083F, 0x07F4, 0x07DC, 0x07BC, 0x0767, 0x06E6, 0x0658, 0x05E9, 0x058F, 0x053A, 0x04EF,
    0x04CC, 0x04DE, 0x0521, 0x0569, 0x0598, 0x05BC, 0x05E3, 0x0615, 0x0640, 0x064A, 0x064D, 0x0662,
    0x0695, 0x06D0, 0x0707, 0x072A, 0x0755, 0x0793, 0x07D5, 0x080A, 0x082F, 0x084D, 0x0876, 0x08AE,
    0x08CA, 0x08CA, 0x08D1, 0x08FA, 0x0920, 0x0939, 0x093D, 0x0945, 0x0972, 0x09BE, 0x09DD, 0x099D,
    0x093C, 0x091D, 0x0926, 0x0952, 0x0968, 0x098E, 0x09D2, 0x0A27, 0x0A6A, 0x0A7D, 0x0A60, 0x0A2B,
    0x09F7, 0x09C2, 0x0978, 0x091C, 0x08B4, 0x0857, 0x0822, 0x07E7, 0x078D, 0x071F, 0x06B2, 0x0657,
    0x0610, 0x05C9, 0x0584, 0x0559, 0x054D, 0x055C, 0x057B, 0x0593, 0x05A9, 0x05C5, 0x05E9, 0x0615,
    0x0636, 0x064C, 0x0660, 0x0681, 0x06B2, 0x06DF, 0x070A, 0x0732, 0x0764, 0x0799, 0x07C5, 0x07F0,
    0x081B, 0x084D, 0x0874, 0x088A, 0x08AA, 0x08CF, 0x08F1, 0x090E, 0x0925, 0x093C, 0x0957, 0x097F,
    0x09AD, 0x09B9, 0x099D, 0x0981, 0x0979, 0x097E, 0x0987, 0x098B, 0x098D, 0x09B1, 0x09EA, 0x0A13,
    0x0A12, 0x09F8, 0x09E0, 0x09CD, 0x09AA, 0x0971, 0x0923, 0x08D2, 0x0886, 0x0843, 0x07F3, 0x0792,
    0x072C, 0x06D2, 0x0686, 0x0647, 0x060D, 0x05D1, 0x059E, 0x0581, 0x057F, 0x0587, 0x058D, 0x059C,
    0x05BD, 0x05ED, 0x061C, 0x0645, 0x0665, 0x0680, 0x069A, 0x06BB, 0x06DD, 0x06FB, 0x0716, 0x0730,
    0x0756, 0x078C, 0x07BF, 0x07F0, 0x081F, 0x0851, 0x0887, 0x08B4, 0x08D2, 0x08F0, 0x0912, 0x0930,
    0x0952, 0x0977, 0x0998, 0x09B1, 0x09C1, 0x09C7, 0x09C7, 0x09BF, 0x09BB, 0x09BE, 0x09C0, 0x09C2,
    0x09C8, 0x09C9, 0x09C5, 0x09BF, 0x09AE, 0x0996, 0x0979, 0x0951, 0x0920, 0x08E6, 0x0897, 0x0848,
    0x07FA, 0x07AB, 0x075C, 0x0709, 0x06B9, 0x067D, 0x0646, 0x0617, 0x05F1, 0x05CD, 0x05BF, 0x05CA,
    0x05D6, 0x05E5, 0x05F8, 0x0611, 0x0637, 0x0656, 0x0668, 0x0683, 0x06A0, 0x06BE, 0x06DA, 0x06ED,
    0x0704, 0x0729, 0x074E, 0x0772, 0x0796, 0x07C0, 0x07F1, 0x0825, 0x0856, 0x0888, 0x08B4, 0x08DE,
    0x090D, 0x0932, 0x094F, 0x096C, 0x098B, 0x09AB, 0x09BD, 0x09C2, 0x09BD, 0x09B7, 0x09BA, 0x09BA,
    0x09AE, 0x09A1, 0x0999, 0x098F, 0x0988, 0x0977, 0x0960, 0x0940, 0x091C, 0x08F5, 0x08CE, 0x089D,
    0x085E, 0x081C, 0x07DE, 0x07A2, 0x0762, 0x071F, 0x06DD, 0x06A8, 0x0683, 0x0668, 0x0651, 0x063E,
    0x0634, 0x0631, 0x0635, 0x063A, 0x0643, 0x0650, 0x0660, 0x0676, 0x0690, 0x06AD, 0x06C8, 0x06E2,
    0x06FC, 0x0717, 0x0730, 0x074B, 0x0767, 0x0785, 0x07A7, 0x07CE, 0x07F5, 0x081F, 0x084E, 0x087E,
    0x08A5, 0x08CA, 0x08EF, 0x0911, 0x092F, 0x094B, 0x0963, 0x0973, 0x097D, 0x0989, 0x098C, 0x098E,
    0x0991, 0x098D, 0x0987, 0x0979, 0x0968, 0x0953, 0x0941, 0x092C, 0x0911, 0x08F2, 0x08D4, 0x08B4,
    0x0891, 0x086A, 0x0841, 0x0814, 0x07E6, 0x07B7, 0x0783, 0x0750, 0x0721, 0x06F7, 0x06D2, 0x06B3,
    0x069C, 0x068B, 0x067F, 0x0678, 0x0672, 0x066D, 0x066F, 0x0679, 0x068A, 0x0699, 0x06A6, 0x06B8,
    0x06D2, 0x06F0, 0x070E, 0x072D, 0x074E, 0x0772, 0x0796, 0x07BC, 0x07DE, 0x0801, 0x0825, 0x0846,
    0x0866, 0x0886, 0x08A8, 0x08C7, 0x08E1, 0x08FB, 0x0911, 0x0922, 0x0930, 0x093B, 0x093D, 0x0940,
    0x093B, 0x093A, 0x0938, 0x0936, 0x092C, 0x091D, 0x090F, 0x0902, 0x08F9, 0x08E6, 0x08D0, 0x08B2,
    0x089A, 0x0882, 0x0866, 0x0843, 0x0820, 0x07F9, 0x07D1, 0x07A8, 0x077E, 0x0755, 0x072D, 0x070B,
    0x06EF, 0x06D9, 0x06C8, 0x06BC, 0x06B2, 0x06AD, 0x06B0, 0x06B7, 0x06C1, 0x06CD, 0x06DA, 0x06E7,
    0x06F9, 0x0710, 0x0726, 0x073E, 0x0759, 0x0777, 0x0797, 0x07BB, 0x07DC, 0x07FB, 0x081A, 0x083A,
    0x0858, 0x0876, 0x0891, 0x08A9, 0x08C1, 0x08D9, 0x08EC, 0x08F9, 0x0901, 0x0908, 0x090D, 0x0910,
    0x090F, 0x090B, 0x0906, 0x08FF, 0x08F3, 0x08E3, 0x08D1, 0x08BE, 0x08AC, 0x0895, 0x087D, 0x0863,
    0x084B, 0x0833, 0x0819, 0x07FE, 0x07E4, 0x07CA, 0x07B2, 0x0799, 0x0782, 0x076E, 0x075A, 0x0749,
    0x073B, 0x0730, 0x0727, 0x0721, 0x071F, 0x0722, 0x0727, 0x072D, 0x0735, 0x073F, 0x074B, 0x0756,
    0x0764, 0x0772, 0x0780, 0x0793, 0x07A7, 0x07BB, 0x07CF, 0x07E3, 0x07F3, 0x0805, 0x0818, 0x082C,
    0x083D, 0x084D, 0x085C, 0x0868, 0x0874, 0x0880, 0x088A, 0x0890, 0x0894, 0x0895, 0x0894, 0x0893,
    0x0890, 0x088D, 0x0888, 0x0882, 0x087A, 0x0870, 0x0865, 0x085D, 0x0853, 0x0849, 0x083D, 0x0831,
    0x0826, 0x081C, 0x0811, 0x0807, 0x07FE, 0x07F4, 0x07EB, 0x07E1, 0x07D7, 0x07CD, 0x07C4, 0x07BC,
    0x07B8, 0x07B5, 0x07B3, 0x07AF, 0x07AC, 0x07AB, 0x07AA, 0x07AC, 0x07AE, 0x07B0, 0x07B3, 0x07B7,
    0x07BC, 0x07C0, 0x07C6, 0x07CA, 0x07CF, 0x07D5, 0x07DB, 0x07E2, 0x07E8, 0x07EF, 0x07F5, 0x07F9,
    0x07FD, 0x0803, 0x0808, 0x080C, 0x0811, 0x0815, 0x081A, 0x081D, 0x081F, 0x0821, 0x0822, 0x0823,
    0x0823, 0x0824, 0x0822, 0x0822, 0x0821, 0x0820, 0x0820, 0x0820, 0x0820, 0x081F, 0x081F, 0x081C,
    0x081A, 0x0818, 0x0815, 0x0812, 0x0810, 0x080E, 0x080B, 0x0809, 0x0808, 0x0806, 0x0805, 0x0803,
    0x0802, 0x0801, 0x07FF, 0x07FE, 0x07FD, 0x07FC, 0x07FA, 0x07F8, 0x07F7, 0x07F6, 0x07F6, 0x07F6,
    0x07F7, 0x07F7, 0x07F7, 0x07F8, 0x07F9, 0x07FA, 0x07FA, 0x07FB, 0x07FA, 0x07F9, 0x07F8, 0x07F8,
    0x07F7, 0x07F7, 0x07F7, 0x07F7, 0x07F6, 0x07F6, 0x07F7, 0x07F8, 0x07F8, 0x07F9, 0x07F9, 0x07F9,
    0x07F9, 0x07F9, 0x07F9, 0x07FA, 0x07F9, 0x07F9, 0x07FA, 0x07FA, 0x07FA, 0x07FB, 0x07FB, 0x07FB,
    0x07FC, 0x07FC, 0x07FE, 0x07FF, 0x0800, 0x0802, 0x0802, 0x0803, 0x0802, 0x0802, 0x0802, 0x0802,
    0x0803, 0x0803, 0x0803, 0x0803, 0x0803, 0x0801, 0x0802, 0x0801, 0x0801, 0x0802, 0x0802, 0x0802,
    0x0802, 0x0802, 0x0803, 0x0803, 0x0803, 0x0803, 0x0802, 0x0802, 0x0801, 0x0801, 0x0800, 0x0800,
    0x0800, 0x0800, 0x0800, 0x07FF, 0x07FF, 0x07FF, 0x0800, 0x0800, 0x0800, 0x0801, 0x0801, 0x0801,
    0x0801, 0x0802, 0x0802, 0x0802, 0x0802, 0x0801, 0x0802, 0x0802, 0x0802, 0x0803, 0x0803, 0x0803,
    0x0803, 0x0804, 0x0804, 0x0803, 0x0803, 0x0803, 0x0803, 0x0803, 0x0804, 0x0804, 0x0803, 0x0803,
    0x0802, 0x0801, 0x0801, 0x0801, 0x0801, 0x0800, 0x0800, 0x07FF, 0x0800, 0x07FF, 0x07FE, 0x07FD,
    0x07FC, 0x07FB, 0x07FB, 0x07FB, 0x07FA, 0x07F9, 0x07F8, 0x07F7, 0x07F7, 0x07F6, 0x07F7, 0x07F6,
    0x07F6, 0x07F6, 0x07F7, 0x07F8, 0x07F9, 0x07FA, 0x07FB, 0x07FC, 0x07FC, 0x07FD, 0x07FD, 0x07FE,
    0x07FE, 0x07FF, 0x0800, 0x0801, 0x0803, 0x0804, 0x0805, 0x0805, 0x0806, 0x0806, 0x0807, 0x0807,
    0x0808, 0x0808, 0x0808, 0x0808, 0x0807, 0x0807, 0x0807, 0x0806, 0x0806, 0x0805, 0x0804, 0x0804,
    0x0804, 0x0803, 0x0803, 0x0803, 0x0803, 0x0803, 0x0801, 0x0800, 0x0800, 0x0800, 0x0800, 0x07FF,
    0x07FE, 0x07FE, 0x07FD, 0x07FC, 0x07FA, 0x07F9, 0x07F8, 0x07F8, 0x07F8, 0x07F8, 0x07F8, 0x07F8,
    0x07F8, 0x07F8, 0x07F8, 0x07F8, 0x07F9, 0x07FA, 0x07FB, 0x07FB, 0x07FC, 0x07FB, 0x07FB, 0x07FB,
    0x07FC, 0x07FC, 0x07FC, 0x07FC, 0x07FD, 0x07FE, 0x07FE, 0x0800, 0x0801, 0x0801, 0x0801, 0x0802,
    0x0802, 0x0803, 0x0804, 0x0804, 0x0804, 0x0804, 0x0804, 0x0804, 0x0805, 0x0804, 0x0804, 0x0803,
    0x0803, 0x0803, 0x0803, 0x0803, 0x0803, 0x0802, 0x0803, 0x0803, 0x0803, 0x0803, 0x0803, 0x0803,
    0x0803, 0x0804, 0x0804, 0x0804, 0x0804, 0x0804, 0x0804, 0x0803, 0x0803, 0x0803, 0x0802, 0x0801,
    0x0800, 0x0800, 0x07FF, 0x07FE, 0x07FE, 0x07FE, 0x07FE, 0x07FD, 0x07FD, 0x07FC, 0x07FC, 0x07FC,
    0x07FC, 0x07FD, 0x07FC, 0x07FC, 0x07FC, 0x07FB, 0x07FB, 0x07FB, 0x07FB, 0x07FC, 0x07FC, 0x07FC,
    0x07FC, 0x07FD, 0x07FD, 0x07FC, 0x07FC, 0x07FC, 0x07FD, 0x07FD, 0x07FD, 0x07FE, 0x07FE, 0x07FE,
    0x07FF, 0x07FF, 0x07FF, 0x07FF, 0x07FF, 0x07FF, 0x0800, 0x0800, 0x0800, 0x0800, 0x0800, 0x0800,
    0x0800, 0x0800, 0x0801, 0x0801, 0x0801, 0x0801, 0x0801, 0x0801, 0x0801, 0x0801, 0x0801, 0x0801,
    0x0801, 0x0801, 0x0801, 0x0801, 0x0801, 0x0801, 0x0801, 0x0801, 0x0801, 0x0801, 0x0801, 0x0801,
    0x0802, 0x0802, 0x0803, 0x0803, 0x0803, 0x0803, 0x0803, 0x0804, 0x0803, 0x0803, 0x0802, 0x0802,
    0x0802, 0x0802, 0x0801, 0x0801, 0x0801, 0x0801, 0x0801, 0x0801, 0x0800, 0x0800, 0x07FF, 0x07FF,
    0x07FE, 0x07FD, 0x07FC, 0x07FC, 0x07FB, 0x07FB, 0x07FB, 0x07FB, 0x07FB, 0x07FB, 0x07FB, 0x07FB,
    0x07FC, 0x07FD, 0x07FD, 0x07FD, 0x07FD, 0x07FC, 0x07FC, 0x07FC, 0x07FB, 0x07FB, 0x07FC, 0x07FD,
    0x07FE, 0x07FE, 0x07FF, 0x07FF, 0x0800, 0x0800, 0x0800, 0x0800, 0x0800, 0x0800, 0x0800, 0x0800,
    0x0800, 0x0801, 0x0801, 0x0801, 0x0800, 0x0802, 0x0803, 0x0803, 0x0803, 0x0802, 0x0802, 0x0803,
    0x0805, 0x0807, 0x0806, 0x0805, 0x0806, 0x0806, 0x0806, 0x0805, 0x0804, 0x0803, 0x0802, 0x0803,
    0x0803, 0x0803, 0x0801, 0x0800, 0x07FE, 0x07FE, 0x07FC, 0x07FB, 0x07FA, 0x07FA, 0x07FB, 0x07FC,
    0x07FB, 0x07FA, 0x07FA, 0x07FB, 0x07FC, 0x07FD, 0x07FD, 0x07FD, 0x07FC, 0x07FC, 0x07FC, 0x07FD,
    0x07FE, 0x07FD, 0x07FD, 0x07FD, 0x07FD, 0x07FE, 0x0800, 0x0800, 0x0800, 0x07FF, 0x07FE, 0x07FE,
    0x07FE, 0x07FE, 0x0800, 0x0801, 0x0800, 0x0800, 0x0800, 0x0800, 0x0802, 0x0803, 0x0802, 0x0802,
    0x0801, 0x0800, 0x0800, 0x0801, 0x0801, 0x0801, 0x0801, 0x0800, 0x07FF, 0x0800, 0x0800, 0x0801,
    0x0801, 0x0800, 0x07FF, 0x07FF, 0x0800, 0x0800, 0x0801, 0x0801, 0x0800, 0x0800, 0x0800, 0x0800,
    0x0800, 0x0800, 0x0800, 0x0801, 0x0801, 0x0800, 0x0800, 0x0800, 0x0800, 0x0800, 0x0800, 0x0800,
    0x07FF, 0x07FF, 0x07FF, 0x07FF, 0x07FF, 0x0800, 0x0800, 0x07FF, 0x07FF, 0x07FF, 0x0800, 0x0800,
    0x0800, 0x0800, 0x0800, 0x0800, 0x0800, 0x0801, 0x0801, 0x0801, 0x0801, 0x0801, 0x0801, 0x0801,
    0x0801, 0x0800, 0x0800, 0x0800, 0x0800, 0x07FF, 0x07FF, 0x07FF, 0x07FF, 0x0800, 0x0800, 0x0801,
    0x07FF, 0x07FE, 0x07FF, 0x07FF, 0x07FF, 0x07FE, 0x07FF, 0x0800, 0x07FF, 0x07FD, 0x07FD, 0x07FE,
    0x07FE, 0x07FE, 0x07FE, 0x07FE, 0x07FF, 0x07FF, 0x07FF, 0x07FF, 0x07FE, 0x07FE, 0x07FE, 0x07FF,
    0x07FE, 0x07FF, 0x07FF, 0x07FF, 0x07FF, 0x07FE, 0x07FE, 0x07FE, 0x07FE, 0x07FE, 0x07FE, 0x07FE,
    0x07FE, 0x07FE, 0x07FF, 0x07FF, 0x07FF, 0x07FF, 0x07FF, 0x0800, 0x07FF, 0x0800, 0x07FF, 0x07FF,
    0x07FF, 0x07FF, 0x07FF, 0x07FF, 0x0800, 0x0800, 0x0800, 0x0800, 0x0800, 0x0800, 0x0800, 0x0800,
    0x0800, 0x0800, 0x0800, 0x0800, 0x0801, 0x0801, 0x0801, 0x0801, 0x0801, 0x0802, 0x0802, 0x0802,
    0x0802, 0x0802, 0x0802, 0x0802, 0x0802, 0x0802, 0x0801, 0x0801, 0x0801, 0x0801, 0x0801, 0x0801,
    0x0801, 0x0801, 0x0800, 0x0800, 0x0800, 0x0800, 0x0800, 0x0800, 0x0800, 0x0800, 0x0800, 0x0800,
    0x0800, 0x0800, 0x0800, 0x0800, 0x07FF, 0x07FF, 0x07FF, 0x07FF, 0x07FF, 0x07FF, 0x07FE, 0x07FE,
    0x07FE, 0x07FE, 0x07FD, 0x07FD, 0x07FD, 0x07FD, 0x07FD, 0x07FD, 0x07FD, 0x07FE, 0x07FE, 0x07FE,
    0x07FE, 0x07FF, 0x07FF, 0x07FF, 0x07FF, 0x07FF, 0x07FE, 0x07FF, 0x07FF, 0x07FF, 0x07FF, 0x0800,
    0x0800, 0x0800, 0x0800, 0x0800, 0x0800, 0x0800, 0x0800, 0x0800, 0x0800, 0x0800, 0x0800, 0x0800,
    0x0800, 0x0800, 0x0800, 0x0800, 0x0800, 0x0800, 0x0800, 0x0800, 0x0800, 0x0800, 0x0800, 0x0800,
    0x0800, 0x0800, 0x0800, 0x0800, 0x0800, 0x0800, 0x0800, 0x0800, 0x0800, 0x0800, 0x0800, 0x0800,
    0x0800, 0x0800, 0x0800, 0x0800, 0x0800, 0x0800, 0x07FF, 0x0800, 0x0800, 0x0800, 0x0800, 0x0800,
    0x0800, 0x0800, 0x0800, 0x0800, 0x0800, 0x0800, 0x0800, 0x0800, 0x0800, 0x0800, 0x0800, 0x0800,
    0x0800, 0x0800, 0x0800, 0x0800, 0x0800, 0x0800, 0x0800, 0x0800, 0x0800, 0x0800, 0x0800, 0x0800,
    0x0800, 0x0800, 0x0800, 0x0800, 0x0800, 0x07FF, 0x07FF, 0x07FF, 0x07FF, 0x07FF, 0x07FF, 0x07FF,
    0x07FF, 0x07FF, 0x0800, 0x0800, 0x0800, 0x07FF, 0x07FF, 0x07FF, 0x07FF, 0x0800, 0x0800, 0x0800,
    0x0800, 0x0800, 0x0800, 0x0800, 0x0800, 0x0800, 0x0800, 0x0800, 0x07FF, 0x0800, 0x0800, 0x0800,
    0x0800, 0x0800, 0x0800, 0x0800, 0x0800, 0x0800, 0x0800, 0x0800, 0x0800, 0x0800, 0x0800, 0x0800,
    0x0800, 0x0800, 0x0800, 0x0800, 0x0800, 0x0800, 0x0800, 0x0800, 0x0800, 0x0800, 0x0800, 0x0800,
    0x0800, 0x0800, 0x0800, 0x0800, 0x0800, 0x0800, 0x0800, 0x0800, 0x0800, 0x0800, 0x0800, 0x0800,
    0x0800, 0x0800, 0x0800, 0x0800, 0x0800, 0x0800, 0x0800, 0x0800, 0x0800, 0x0800, 0x0800, 0x0800,
    0x0800, 0x0800, 0x0800, 0x0800, 0x0800, 0x0800, 0x0800, 0x0800, 0x0800, 0x0800, 0x0800, 0x0800,
    0x0800, 0x0800, 0x0800, 0x0800, 0x0800, 0x0800, 0x0800, 0x0800, 0x0800, 0x0800, 0x0800, 0x0800,
    0x0800, 0x0800, 0x0800, 0x0800, 0x0800, 0x0800, 0x0800, 0x0800, 0x0800, 0x0800, 0x0800, 0x0800,
    0x0800, 0x0800, 0x0800, 0x0800, 0x0800, 0x0800, 0x0800, 0x0800, 0x0800, 0x0800, 0x0800, 0x0800,
    0x0800, 0x0800, 0x0800, 0x0800, 0x0800, 0x0800, 0x0800, 0x0800, 0x0800, 0x0800, 0x0800, 0x0800,
    0x0800, 0x0800, 0x0800, 0x0800, 0x0800, 0x0800, 0x0800, 0x0800, 0x0800, 0x0800, 0x0800, 0x0800,
    0x0800, 0x0800, 0x0800, 0x0800, 0x0800, 0x0800, 0x0800, 0x0800, 0x0800, 0x0800, 0x0800, 0x0800,
    0x0800, 0x0800, 0x0800, 0x0800, 0x0800, 0x0800, 0x0800, 0x0800, 0x0800, 0x0800, 0x0800, 0x0800,
    0x0800, 0x0800, 0x0800, 0x0800, 0x07FF, 0x0800, 0x0800, 0x0800, 0x0800, 0x0800, 0x0800, 0x0800,
    0x0800, 0x0800, 0x0800, 0x0800, 0x0800, 0x0800, 0x0800, 0x0800, 0x0800, 0x0800, 0x0800, 0x0800,
    0x0800, 0x0800, 0x0800, 0x0800, 0x0800, 0x0800, 0x0800, 0x0800, 0x0800, 0x0800, 0x0800, 0x0800,
    0x0800, 0x0800, 0x0800, 0x0800, 0x0800, 0x0800, 0x0800, 0x0800, 0x0800, 0x0800, 0x0800, 0x0800,
    0x0800, 0x0800, 0x0800, 0x0800, 0x0800, 0x0800, 0x0800, 0x0800, 0x0800, 0x0800, 0x0800, 0x0800,
    0x0800, 0x0800, 0x0800, 0x0800, 0x0800, 0x0800, 0x0800, 0x0800, 0x0800, 0x0800, 0x0800, 0x0800,
    0x0800, 0x0800, 0x0800, 0x0800, 0x0800, 0x0800, 0x0800, 0x0800, 0x0800, 0x0800, 0x0800, 0x0800,
    0x0800, 0x0800, 0x0800, 0x0800, 0x0800, 0x0800, 0x0800, 0x0800, 0x0800, 0x0800, 0x0800, 0x0800,
    0x0800, 0x0800, 0x0800, 0x0800, 0x0800, 0x0800, 0x0800, 0x0800, 0x0800, 0x0800, 0x0800, 0x0800,
    0x0800, 0x0800, 0x0800, 0x0800, 0x0800, 0x0800, 0x0800, 0x0800, 0x0800, 0x0800, 0x0800, 0x0800,
    0x0800, 0x0800, 0x0800, 0x0800, 0x0800, 0x0800, 0x0800, 0x0800, 0x0800, 0x0800, 0x0800, 0x0800,
    0x0800, 0x0800, 0x0800, 0x0800, 0x0800, 0x0800, 0x0800, 0x0800, 0x0800, 0x0800, 0x0800, 0x0800,
    0x0800, 0x0800, 0x0800, 0x0800, 0x0800, 0x0800, 0x0800, 0x0800, 0x0800, 0x0800, 0x0800, 0x0800,
    0x0800, 0x0800, 0x0800, 0x0800, 0x0800, 0x0800, 0x0800, 0x0800, 0x0800, 0x0800, 0x0800, 0x0800,
    0x0800, 0x0800, 0x0800, 0x0800, 0x0800, 0x0800, 0x0800, 0x0800, 0x0800, 0x0800, 0x0800, 0x0800,
    0x0800, 0x0800, 0x0800, 0x0800, 0x0800, 0x0800, 0x0800, 0x0800, 0x0800, 0x0800, 0x0800, 0x0800,
    0x0800, 0x0800, 0x0800, 0x0800, 0x0800, 0x0800, 0x0800, 0x0800, 0x0800, 0x0800, 0x0800, 0x0800,
    0x0800, 0x0800, 0x0800, 0x0800, 0x0800, 0x0800, 0x0800, 0x0800, 0x0800, 0x0800, 0x0800, 0x0800,
    0x0800, 0x0800, 0x0800, 0x0800, 0x0800, 0x0800, 0x0800, 0x0800, 0x0800, 0x0800, 0x0800, 0x0800,
    0x0800, 0x0800, 0x0800, 0x0800, 0x0800, 0x0800, 0x0800, 0x0800, 0x0800, 0x0800, 0x0800, 0x0800,
    0x0800, 0x0800, 0x0800, 0x0800, 0x0800, 0x0800, 0x0800, 0x0800, 0x0800, 0x0800, 0x0800, 0x0800,
    0x0800, 0x0800, 0x0800, 0x0800, 0x0800, 0x0800, 0x0800, 0x0800, 0x0800, 0x0800, 0x0800, 0x0800,
    0x0800, 0x0800, 0x0800, 0x0800, 0x0800, 0x0800, 0x0800, 0x0800, 0x0800, 0x0800, 0x0800, 0x0800,
    0x0800, 0x0800, 0x0800, 0x0800, 0x0800, 0x0800, 0x0800, 0x0800, 0x0800, 0x0800, 0x0800, 0x0800,
    0x0800, 0x0800, 0x0800, 0x0800, 0x0800, 0x0800, 0x0800, 0x0800, 0x0800, 0x0800, 0x0800, 0x0800,
    0x0800, 0x0800, 0x0800, 0x0800, 0x0800, 0x0800, 0x0800, 0x0800, 0x0800, 0x0800, 0x0800, 0x0800,
    0x0800, 0x0800, 0x0800, 0x0800, 0x0800, 0x0800, 0x0800, 0x0800, 0x0800, 0x0800, 0x0800, 0x0800,
    0x0800, 0x0800, 0x0800, 0x0800, 0x0800, 0x0800, 0x0800, 0x0800, 0x0800, 0x0800, 0x0800, 0x0800,
    0x0800, 0x0800, 0x0800, 0x0800, 0x0800, 0x0800, 0x0800, 0x0800, 0x0800, 0x0800, 0x0800, 0x0800,
    0x0800, 0x0800, 0x0800, 0x0800, 0x0800, 0x0800, 0x0800, 0x0800, 0x0800, 0x0800, 0x0800, 0x0800,
    0x0800, 0x0800, 0x0800, 0x0800, 0x0800, 0x0800, 0x0800, 0x0800, 0x0800, 0x0800, 0x0800, 0x0800,
    0x0800, 0x0800, 0x0800, 0x0800, 0x0800, 0x0800, 0x0800, 0x0800, 0x0800, 0x0800, 0x0800, 0x0800,
    0x0800, 0x0800, 0x0800, 0x0800, 0x0800, 0x0800, 0x0800, 0x0800, 0x0800, 0x0800, 0x0800, 0x0800,
    0x0800, 0x0800, 0x0800, 0x0800, 0x0800, 0x0800, 0x0800, 0x0800, 0x0800, 0x0800, 0x0800, 0x0800,
    0x0800, 0x0800, 0x0800, 0x0800, 0x0800, 0x0800, 0x0800, 0x0800, 0x0800, 0x0800, 0x0800, 0x0800,
    0x0800, 0x0800, 0x0800, 0x0800, 0x0800, 0x0800, 0x0800, 0x0800, 0x0800, 0x0800, 0x0800, 0x0800,
    0x0800, 0x0800, 0x0800, 0x0800, 0x0800, 0x0800, 0x0800, 0x0800, 0x0800, 0x0800, 0x0800, 0x0800,
    0x0800, 0x0800, 0x0800, 0x0800, 0x0800, 0x0800, 0x0800, 0x0800, 0x0800, 0x0800, 0x0800, 0x0800,
    0x0800, 0x0800, 0x0800, 0x0800, 0x0800, 0x0800, 0x0800, 0x0800, 0x0800, 0x0800, 0x0800, 0x0800,
    0x0800, 0x0800, 0x0800, 0x0800, 0x0800, 0x0800, 0x0800, 0x0800, 0x0800, 0x0800, 0x0800, 0x0800,
    0x0800, 0x0800, 0x0800, 0x0800, 0x0800, 0x0800, 0x0800, 0x0800, 0x0800, 0x0800, 0x0800, 0x0800,
    0x0800, 0x0800, 0x0800, 0x0800, 0x0800, 0x0800, 0x0800, 0x0800, 0x0800, 0x0800, 0x0800, 0x0800,
    0x0800, 0x0800, 0x0800, 0x0800, 0x0800, 0x0800, 0x0800, 0x0800, 0x0800, 0x0800, 0x0800, 0x0800,
    0x0800, 0x0800, 0x0800, 0x0800, 0x0800, 0x0800, 0x0800, 0x0800, 0x0800, 0x0800, 0x0800, 0x0800,
    0x0800, 0x0800, 0x0800, 0x0800, 0x0800, 0x0800, 0x0800, 0x0800, 0x0800, 0x0800, 0x0800, 0x0800,
    0x0800, 0x0800, 0x0800, 0x0800, 0x0800, 0x0800, 0x0800, 0x0800, 0x0800, 0x0800, 0x0800, 0x0800,
    0x0800, 0x0800, 0x0800, 0x0800, 0x0800, 0x0800, 0x0800, 0x0800, 0x0800, 0x0800, 0x0800, 0x0800,
    0x0800, 0x0800, 0x0800, 0x0800, 0x0800, 0x0800, 0x0800, 0x0800, 0x0800, 0x0800, 0x0800, 0x0800,
    0x0800, 0x0800, 0x0800, 0x0800, 0x0800, 0x0800, 0x0800, 0x0800, 0x0800, 0x0800, 0x0800, 0x0800,
    0x0800, 0x0800, 0x0800, 0x0800, 0x0800, 0x0800, 0x0800, 0x0800, 0x0800, 0x0800, 0x0800, 0x0800,
    0x0800, 0x0800, 0x0800, 0x0800, 0x0800, 0x0800, 0x0800, 0x0800, 0x0800, 0x0800, 0x0800, 0x0800,
    0x0800, 0x0800, 0x0800, 0x0800, 0x0800, 0x0800, 0x0800, 0x0800, 0x0800, 0x0800, 0x0800, 0x0800,
    0x0800, 0x0800, 0x0800, 0x0800, 0x0800, 0x0800, 0x0800, 0x0800, 0x0800, 0x0800, 0x0800, 0x0800,
    0x0800, 0x0800, 0x0800, 0x0800, 0x0800, 0x0800, 0x0800, 0x0800, 0x0800, 0x0800, 0x0800, 0x0800,
    0x0800, 0x0800, 0x0800, 0x0800, 0x0800, 0x0800, 0x0800, 0x0800, 0x0800, 0x0800, 0x0800, 0x0800,
    0x0800, 0x0800, 0x0800, 0x0800, 0x0800, 0x0800, 0x0800, 0x0800, 0x0800, 0x0800, 0x0800, 0x0800,
    0x0800, 0x0800, 0x0800, 0x0800, 0x0800, 0x0800, 0x0800, 0x0800, 0x0800, 0x0800, 0x0800, 0x0800,
    0x0800, 0x0800, 0x0800, 0x0800, 0x0800, 0x0800, 0x0800, 0x0800, 0x0800, 0x0800, 0x0800, 0x0800,
    0x0800, 0x0800, 0x0800, 0x0800, 0x0800, 0x0800, 0x0800, 0x0800, 0x0800, 0x0800, 0x0800, 0x0800,
    0x0800, 0x0800, 0x0800, 0x0800, 0x0800, 0x0800, 0x0800, 0x0800, 0x0800, 0x0800, 0x0800, 0x0800,
    0x0800, 0x0800, 0x0800, 0x0800, 0x0800, 0x0800, 0x0800, 0x0800, 0x0800, 0x0800, 0x0800, 0x0800,
    0x0800, 0x0800, 0x0800, 0x0800, 0x0800, 0x0800, 0x0800, 0x0800, 0x0800, 0x0800, 0x0800, 0x0800,
    0x0800, 0x0800, 0x0800, 0x0800, 0x0800, 0x0800, 0x0800, 0x0800, 0x0800, 0x0800, 0x0800, 0x0800,
    0x0800, 0x0800, 0x0800, 0x0800, 0x0800, 0x0800, 0x0800, 0x0800, 0x0800, 0x0800, 0x0800, 0x0800,
    0x0800, 0x0800, 0x0800, 0x0800, 0x0800, 0x0800, 0x0800, 0x0800, 0x0800, 0x0800, 0x0800, 0x0800,
    0x0800, 0x0800, 0x0800, 0x0800, 0x0800, 0x0800, 0x0800, 0x0800, 0x0800, 0x0800, 0x0800, 0x0800,
    0x0800, 0x0800, 0x0800, 0x0800, 0x0800, 0x0800, 0x0800, 0x0800, 0x0800, 0x0800, 0x0800, 0x0800,
    0x0800, 0x0800, 0x0800, 0x0800, 0x0800, 0x0800, 0x0800, 0x0800, 0x0800, 0x0800, 0x0800, 0x0800,
    0x0800, 0x0800, 0x0800, 0x0800, 0x0800, 0x0800, 0x0800, 0x0800, 0x0800, 0x0800, 0x0800, 0x0800,
    0x0800, 0x0800, 0x0800, 0x0800, 0x0800, 0x0800, 0x0800, 0x0800, 0x0800, 0x0800, 0x0800, 0x0800,
    0x0800, 0x0800, 0x0800, 0x0800, 0x0800, 0x0800, 0x0800, 0x0800, 0x0800, 0x0800, 0x0800, 0x0800,
    0x0800, 0x0800, 0x0800, 0x0800, 0x0800, 0x0800, 0x0800, 0x0800, 0x0800, 0x0800, 0x0800, 0x0800,
    0x0800, 0x0800, 0x0800, 0x0800, 0x0800, 0x0800, 0x0800, 0x0800, 0x0800, 0x0800, 0x0800, 0x0800,
    0x0800, 0x0800, 0x0800, 0x0800, 0x0800, 0x0800, 0x0800, 0x0800, 0x0800, 0x0800, 0x0800, 0x0800,
    0x0800, 0x0800, 0x0800, 0x0800, 0x0800, 0x0800, 0x0800, 0x0800, 0x0800, 0x0800, 0x0800, 0x0800,
    0x0800, 0x0800, 0x0800, 0x0800, 0x0800, 0x0800, 0x0800, 0x0800, 0x0800, 0x0800, 0x0800, 0x0800,
    0x0800, 0x0800, 0x0800, 0x0800, 0x0800, 0x0800, 0x0800, 0x0800, 0x0800, 0x0800, 0x0800, 0x0800,
    0x0800, 0x0800, 0x0800, 0x0800, 0x0800, 0x0800, 0x0800, 0x0800, 0x0800, 0x0800, 0x0800, 0x0800,
    0x0800, 0x0800, 0x0800, 0x0800, 0x0800, 0x0800, 0x0800, 0x0800, 0x0800, 0x0800, 0x0800, 0x0800,
    0x0800, 0x0800, 0x0800, 0x0800, 0x0800, 0x0800, 0x0800, 0x0800, 0x0800, 0x0800, 0x0800, 0x0800,
    0x0800, 0x0800, 0x0800, 0x0800, 0x0800, 0x0800, 0x0800, 0x0800, 0x0800, 0x0800, 0x0800, 0x0800,
    0x0800, 0x0800, 0x0800, 0x0800, 0x0800, 0x0800, 0x0800, 0x0800, 0x0800, 0x0800, 0x0800, 0x0800,
    0x0800, 0x0800, 0x0800, 0x0800, 0x0800, 0x0800, 0x0800, 0x0800, 0x0800, 0x0800, 0x0800, 0x0800,
    0x0800, 0x0800, 0x0800, 0x0800, 0x0800, 0x0800, 0x0800, 0x0800, 0x0800, 0x0800, 0x0800, 0x0800,
    0x0800, 0x0800, 0x0800, 0x0800, 0x0800, 0x0800, 0x0800, 0x0800, 0x0800, 0x0800, 0x0800, 0x0800,
    0x0800, 0x0800, 0x0800, 0x0800, 0x0800, 0x0800, 0x0800, 0x0800, 0x0800, 0x0800, 0x0800, 0x0800,
    0x0800, 0x0800, 0x0800, 0x0800, 0x0800, 0x0800, 0x0800, 0x0800, 0x0800, 0x0800, 0x0800, 0x0800,
    0x0800, 0x0800, 0x0800, 0x0800, 0x0800, 0x0800, 0x0800, 0x0800, 0x0800, 0x0800, 0x0800, 0x0800,
    0x0800, 0x0800, 0x0800, 0x0800, 0x0800, 0x0800, 0x0800, 0x0800, 0x0800, 0x0800, 0x0800, 0x0800,
    0x0800, 0x0800, 0x0800, 0x0800, 0x0800, 0x0800, 0x0800, 0x0800, 0x0800, 0x0800, 0x0800, 0x0800,
    0x0800, 0x0800, 0x0800, 0x0800, 0x0800, 0x0800, 0x0800, 0x0800, 0x0800, 0x0800, 0x0800, 0x0800,
    0x0800, 0x0800, 0x0800, 0x0800, 0x0800, 0x0800, 0x0800, 0x0800, 0x0800, 0x0800, 0x0800, 0x0800,
    0x0800, 0x0800, 0x0800, 0x0800, 0x0800, 0x0800, 0x0800, 0x0800, 0x0800, 0x0800, 0x0800, 0x0800,
    0x0800, 0x0800, 0x0800, 0x0800, 0x0800, 0x0800, 0x0800, 0x0800, 0x0800, 0x0800, 0x0800, 0x0800,
    0x0800, 0x0800, 0x0800, 0x0800, 0x0800, 0x0800, 0x0800, 0x0800, 0x0800, 0x0800, 0x0800, 0x0800,
    0x0800, 0x0800, 0x0800, 0x0800, 0x0800, 0x0800, 0x0800, 0x0800, 0x0800, 0x0800, 0x0800, 0x0800,
    0x0800, 0x0800, 0x0800, 0x0800, 0x0800, 0x0800, 0x0800, 0x0800, 0x0800, 0x0800, 0x0800, 0x0800,
    0x0800, 0x0800, 0x0800, 0x0800, 0x0800, 0x0800, 0x0800, 0x0800, 0x0800, 0x0800, 0x0800, 0x0800,
    0x0800, 0x0800, 0x0800, 0x0800, 0x0800, 0x0800, 0x0800, 0x0800, 0x0800, 0x0800, 0x0800, 0x0800,
    0x0800, 0x0800, 0x0800, 0x0800, 0x0800, 0x0800, 0x0800, 0x0800, 0x0800, 0x0800, 0x0800, 0x0800,
    0x0800, 0x0800, 0x0800, 0x0800, 0x0800, 0x0800, 0x0800, 0x0800, 0x0800, 0x0800, 0x0800, 0x0800,
    0x0800, 0x0800, 0x0800, 0x0800, 0x0800, 0x0800, 0x0800, 0x0800, 0x0800, 0x0800, 0x0800, 0x0800,
    0x0800, 0x0800, 0x0800, 0x0800, 0x0800, 0x0800, 0x0800, 0x0800, 0x0800, 0x0800, 0x0800, 0x0800,
    0x0800, 0x0800, 0x0800, 0x0800, 0x0800, 0x0800, 0x0800, 0x0800, 0x0800, 0x0800, 0x0800, 0x0800,
    0x0800, 0x0800, 0x0800, 0x0800, 0x0800, 0x0800, 0x0800, 0x0800, 0x0800, 0x0800, 0x0800, 0x0800,
    0x0800, 0x0800, 0x0800, 0x0800, 0x0800, 0x0800, 0x0800, 0x0800, 0x0800, 0x0800, 0x0800, 0x0800,
    0x0800, 0x0800, 0x0800, 0x0800, 0x0800, 0x0800, 0x0800, 0x0800, 0x0800, 0x0800, 0x0800, 0x0800,
    0x0800, 0x0800, 0x0800, 0x0800, 0x0800, 0x0800, 0x0800, 0x0800, 0x0800, 0x0800, 0x0800, 0x0800,
    0x0800, 0x0800, 0x0800, 0x0800, 0x0800, 0x0800, 0x0800, 0x0800, 0x0800, 0x0800, 0x0800, 0x0800,
    0x0800, 0x0800, 0x0800, 0x0800, 0x0800, 0x0800, 0x0800, 0x0800, 0x0800, 0x0800, 0x0800, 0x0800,
    0x0800, 0x0800, 0x0800, 0x0800, 0x0800, 0x0800, 0x0800, 0x0800, 0x0800, 0x0800, 0x0800, 0x0800,
    0x0800, 0x0800, 0x0800, 0x0800, 0x0800, 0x0800, 0x0800, 0x0800, 0x0800, 0x0800, 0x0800, 0x0800,
    0x0800, 0x0800, 0x0800, 0x0800, 0x0800, 0x0800, 0x0800, 0x0800, 0x0800, 0x0800, 0x0800, 0x0800,
    0x0800, 0x0800, 0x0800, 0x0800, 0x0800, 0x0800, 0x0800, 0x0800, 0x0800, 0x0800, 0x0800, 0x0800,
    0x0800, 0x0800, 0x0800, 0x0800, 0x0800, 0x0800, 0x0800, 0x0800, 0x0800, 0x0800, 0x0800, 0x0800,
    0x0800, 0x0800, 0x0800, 0x0800, 0x0800, 0x0800, 0x0800, 0x0800, 0x0800, 0x0800, 0x0800, 0x0800,
    0x0800, 0x0800, 0x0800, 0x0800, 0x0800, 0x0800, 0x0800, 0x0800, 0x0800, 0x0800, 0x0800, 0x0800,
    0x0800, 0x0800, 0x0800, 0x0800, 0x0800, 0x0800, 0x0800, 0x0800, 0x0800, 0x0800, 0x0800, 0x0800,
    0x0800, 0x0800, 0x0800, 0x0800, 0x0800, 0x0800, 0x0800, 0x0800, 0x0800, 0x0800, 0x0800, 0x0800,
    0x0800, 0x0800, 0x0800, 0x0800, 0x0800, 0x0800, 0x0800, 0x0800, 0x0800, 0x0800, 0x0800, 0x0800,
    0x0800, 0x0800, 0x0800, 0x0800, 0x0800, 0x0800, 0x0800, 0x0800, 0x0800, 0x0800, 0x0800, 0x0800,
    0x0800, 0x0800, 0x0800, 0x0800, 0x0800, 0x0800, 0x0800, 0x0800, 0x0800, 0x0800, 0x0800, 0x0800,
    0x0800, 0x0800, 0x0800, 0x0800, 0x0800, 0x0800, 0x0800, 0x0800, 0x0800, 0x0800, 0x0800, 0x0800,
    0x0800, 0x0800, 0x0800, 0x0800, 0x0800, 0x0800, 0x0800, 0x0800, 0x0800, 0x0800, 0x0800, 0x0800,
    0x0800, 0x0800, 0x0800, 0x0800, 0x0800, 0x0800, 0x0800, 0x0800, 0x0800, 0x0800, 0x0800, 0x0800,
    0x0800, 0x0800, 0x0800, 0x0800, 0x0800, 0x0800, 0x0800, 0x0800, 0x0800, 0x0800, 0x0800, 0x0800,
    0x0800, 0x0800, 0x0800, 0x0800, 0x0800, 0x0800, 0x0800, 0x0800, 0x0800, 0x0800, 0x0800, 0x0800,
    0x0800, 0x0800, 0x0800, 0x0800,
};

#endif /* _WAIT_AUDIO_H_ */
